parent_gem_entity_id,parent,immediate_project_owner_gem_entity_id,immediate_project_owner,ownership_path_records
E100000132388,unknown,E100000132388,unknown,235
E100001000094,Government of Russia,E100001014432,Transneft PJSC,140
E100001014432,Transneft PJSC,E100001014432,Transneft PJSC,140
E100001015587,small shareholder(s),E100001014432,Transneft PJSC,114
E100000000556,National Iranian Oil Co,E100000000556,National Iranian Oil Co,84
E100001015106,Ministry of Petroleum (Iran),E100000000556,National Iranian Oil Co,84
E100000000571,Ministry of Oil (Iraq),E100000000571,Ministry of Oil (Iraq),70
E100000000112,Enbridge Inc,E100000000112,Enbridge Inc,67
E100001014312,Royal Bank of Canada,E100000000112,Enbridge Inc,67
E100001015587,small shareholder(s),E100000000112,Enbridge Inc,66
E100001000279,Government of Libya,E100001015251,National Oil Corp,52
E100001010777,Government of Poland,E100001015373,Pern SA,52
E100001015251,National Oil Corp,E100001015251,National Oil Corp,52
E100001015373,Pern SA,E100001015373,Pern SA,52
E100001000264,Government of Hungary,E100000000505,MOL Magyar Olajes Gazipari Nyrt,49
E100001000094,Government of Russia,E100002001363,Transneft-Druzhba JSC,48
E100001000243,Government of Slovakia,E100001015971,Transpetrol AS,48
E100001014432,Transneft PJSC,E100002001363,Transneft-Druzhba JSC,48
E100001015587,small shareholder(s),E100002001363,Transneft-Druzhba JSC,48
E100001015971,Transpetrol AS,E100001015971,Transpetrol AS,48
E100000000888,Saudi Arabian Oil Co,E100001000322,Saudi Aramco Power Co,46
E100001000198,Government of Saudi Arabia,E100001000322,Saudi Aramco Power Co,46
E100001015587,small shareholder(s),E100001000322,Saudi Aramco Power Co,46
E100000000173,China Petrochemical Corp,E100001014455,China Petroleum & Chemical Corp,42
E100000000003,Sonatrach SpA,E100000000003,Sonatrach SpA,35
E100001000008,Government of Algeria,E100000000003,Sonatrach SpA,35
E100000000839,Government of Qatar,E100000000839,Government of Qatar,33
E100000001079,Abu Dhabi National Oil Co,E100000001079,Abu Dhabi National Oil Co,32
E100001000095,Emirate of Abu Dhabi (United Arab Emirates),E100000001079,Abu Dhabi National Oil Co,32
E100001014325,Plains All American Pipeline LP,E100001014325,Plains All American Pipeline LP,32
E100001014648,ALPS Advisors Inc,E100001014325,Plains All American Pipeline LP,32
E100001014681,Energy Income Partners LLC,E100001014325,Plains All American Pipeline LP,32
E100001015850,Plains GP Holdings LP,E100001014325,Plains All American Pipeline LP,32
E100001015852,Tortoise Capital Advisors LLC,E100001014325,Plains All American Pipeline LP,32
E100002019433,EIP EP LLC,E100001014325,Plains All American Pipeline LP,32
E100002021868,ALPS holdings Inc,E100001014325,Plains All American Pipeline LP,32
E100002022201,Tortoise Borrower LLC,E100001014325,Plains All American Pipeline LP,32
E100000000320,Ministry of Mines and Energy (Colombia),E100001014393,Cenit Transporte y Logística de Hidrocarburos SAS,30
E100000000610,Eni SpA,E100000000610,Eni SpA,30
E100000002892,Ecopetrol SA,E100001014393,Cenit Transporte y Logística de Hidrocarburos SAS,30
E100001013560,Cassa Depositi e Prestiti SpA,E100000000610,Eni SpA,30
E100001015587,small shareholder(s),E100000000610,Eni SpA,30
E100001016677,Government of Italy,E100000000610,Eni SpA,30
E100000001075,Naftogaz of Ukraine JSC,E100001015372,Ukrtransnafta JSC,29
E100001000269,Government of Ukraine,E100001015372,Ukrtransnafta JSC,29
E100001014282,Enterprise Products Partners LP,E100001014282,Enterprise Products Partners LP,29
E100001014689,Enterprise Products Co,E100001014282,Enterprise Products Partners LP,29
E100001015587,small shareholder(s),E100001014393,Cenit Transporte y Logística de Hidrocarburos SAS,29
E100000001492,Gazprom PJSC,E100000001492,Gazprom PJSC,28
E100000121185,Rosneftegaz JSC,E100000001492,Gazprom PJSC,28
E100001000210,Government of Kuwait,E100001015356,Kuwait Petroleum Corp,28
E100001000270,Federal Agency for State Property Management (Russia),E100000001492,Gazprom PJSC,28
E100001015356,Kuwait Petroleum Corp,E100001015356,Kuwait Petroleum Corp,28
E100000123261,natural person(s),E100001014282,Enterprise Products Partners LP,27
E100001000094,Government of Russia,E100000001492,Gazprom PJSC,27
E100001015587,small shareholder(s),E100000001492,Gazprom PJSC,27
E100000000610,Eni SpA,E100000003733,PCK Raffinerie GmbH,26
E100000000746,Shell PLC,E100000003733,PCK Raffinerie GmbH,26
E100000000839,Government of Qatar,E100000003733,PCK Raffinerie GmbH,26
E100000000845,Qatar Investment Authority,E100000003733,PCK Raffinerie GmbH,26
E100000000874,Rosneft PJSC,E100000003733,PCK Raffinerie GmbH,26
E100000001096,BP PLC,E100000003733,PCK Raffinerie GmbH,26
E100000001107,European Bank for Reconstruction and Development,E100000003733,PCK Raffinerie GmbH,26
E100000001332,Petróleos de Venezuela SA,E100000001332,Petróleos de Venezuela SA,26
E100000121185,Rosneftegaz JSC,E100000003733,PCK Raffinerie GmbH,26
E100000136108,State Street Bank and Trust Co,E100000003733,PCK Raffinerie GmbH,26
E100001000094,Government of Russia,E100000003733,PCK Raffinerie GmbH,26
E100001000253,Government of Germany,E100000003733,PCK Raffinerie GmbH,26
E100001000270,Federal Agency for State Property Management (Russia),E100000003733,PCK Raffinerie GmbH,26
E100001000281,Government of Venezuela,E100000001332,Petróleos de Venezuela SA,26
E100001000330,Qatar Holding LLC,E100000003733,PCK Raffinerie GmbH,26
E100001000348,BlackRock Inc,E100000003733,PCK Raffinerie GmbH,26
E100001000483,Ministry of Finance (Czech Republic),E100001015268,MERO ČR AS,26
E100001000484,Government of Czech Republic,E100001015268,MERO ČR AS,26
E100001000615,Guaranty Nominees Ltd,E100000003733,PCK Raffinerie GmbH,26
E100001010595,The Vanguard Group Inc,E100000003733,PCK Raffinerie GmbH,26
E100001010596,State Street Corp,E100000003733,PCK Raffinerie GmbH,26
E100001013560,Cassa Depositi e Prestiti SpA,E100000003733,PCK Raffinerie GmbH,26
E100001015268,MERO ČR AS,E100001015268,MERO ČR AS,26
E100001015587,small shareholder(s),E100000003733,PCK Raffinerie GmbH,26
E100001015833,Blackrock Advisors LLC,E100000003733,PCK Raffinerie GmbH,26
E100001015988,BP Russian Investments Ltd,E100000003733,PCK Raffinerie GmbH,26
E100001015989,QH Oil Investments LLC,E100000003733,PCK Raffinerie GmbH,26
E100001015991,National Settlement Depository JSC,E100000003733,PCK Raffinerie GmbH,26
E100001015992,RN-NeftKapitalInvest LLC,E100000003733,PCK Raffinerie GmbH,26
E100001016677,Government of Italy,E100000003733,PCK Raffinerie GmbH,26
E100001016771,Moscow Exchange MICEX-RTS PJSC,E100000003733,PCK Raffinerie GmbH,26
E100002000989,State Development Corporation VEB.RF,E100000003733,PCK Raffinerie GmbH,26
E100002004413,RN Refining & Marketing GmbH,E100000003733,PCK Raffinerie GmbH,26
E100002004538,Central Bank of the Russian Federation,E100000003733,PCK Raffinerie GmbH,26
E100002004539,Sberbank PJSC,E100000003733,PCK Raffinerie GmbH,26
E100002007653,Bp International Ltd,E100000003733,PCK Raffinerie GmbH,26
E100002007660,J.P. Morgan Capital Holdings Ltd,E100000003733,PCK Raffinerie GmbH,26
E100002016408,Ministry of Finance (Russia),E100000003733,PCK Raffinerie GmbH,26
E100000000505,MOL Magyar Olajes Gazipari Nyrt,E100000000505,MOL Magyar Olajes Gazipari Nyrt,25
E100000123261,natural person(s),E100001014325,Plains All American Pipeline LP,25
E100001014865,Belneftekhim Concern GP,E100001014864,Gomeltransneft Druzhba JSC,25
E100001015274,MOL New Europe Foundation,E100000000505,MOL Magyar Olajes Gazipari Nyrt,25
E100001015275,Mathias Corvinus Collegium Foundation,E100000000505,MOL Magyar Olajes Gazipari Nyrt,25
E100001015276,Maecenas Universitatis Corvini Foundation,E100000000505,MOL Magyar Olajes Gazipari Nyrt,25
E100001015587,small shareholder(s),E100000000505,MOL Magyar Olajes Gazipari Nyrt,25
E100001015587,small shareholder(s),E100001014282,Enterprise Products Partners LP,25
E100000000387,TotalEnergies SE,E100001015277,Mineralölverbundleitung Schwedt GmbH,24
E100000000610,Eni SpA,E100001015277,Mineralölverbundleitung Schwedt GmbH,24
E100000000694,Vitol Holding II SA,E100002008089,Latvian Transit SIA,24
E100000000746,Shell PLC,E100001015277,Mineralölverbundleitung Schwedt GmbH,24
E100000000839,Government of Qatar,E100001015277,Mineralölverbundleitung Schwedt GmbH,24
E100000000845,Qatar Investment Authority,E100001015277,Mineralölverbundleitung Schwedt GmbH,24
E100000000874,Rosneft PJSC,E100001015277,Mineralölverbundleitung Schwedt GmbH,24
E100000001096,BP PLC,E100001015277,Mineralölverbundleitung Schwedt GmbH,24
E100000001107,European Bank for Reconstruction and Development,E100001015277,Mineralölverbundleitung Schwedt GmbH,24
E100000001177,CenterPoint Energy Inc,E100001014294,Energy Transfer LP,24
E100000121185,Rosneftegaz JSC,E100001015277,Mineralölverbundleitung Schwedt GmbH,24
E100000123261,natural person(s),E100001014294,Energy Transfer LP,24
E100000136108,State Street Bank and Trust Co,E100001015277,Mineralölverbundleitung Schwedt GmbH,24
E100001000094,Government of Russia,E100001015277,Mineralölverbundleitung Schwedt GmbH,24
E100001000253,Government of Germany,E100001015277,Mineralölverbundleitung Schwedt GmbH,24
E100001000270,Federal Agency for State Property Management (Russia),E100001015277,Mineralölverbundleitung Schwedt GmbH,24
E100001000330,Qatar Holding LLC,E100001015277,Mineralölverbundleitung Schwedt GmbH,24
E100001000348,BlackRock Inc,E100001015277,Mineralölverbundleitung Schwedt GmbH,24
E100001000615,Guaranty Nominees Ltd,E100001015277,Mineralölverbundleitung Schwedt GmbH,24
E100001000901,The Capital Group Companies Inc,E100001014294,Energy Transfer LP,24
E100001010595,The Vanguard Group Inc,E100001015277,Mineralölverbundleitung Schwedt GmbH,24
E100001010596,State Street Corp,E100001015277,Mineralölverbundleitung Schwedt GmbH,24
E100001010706,Capital International Investors,E100001014294,Energy Transfer LP,24
E100001010707,Capital Research and Management Co,E100001014294,Energy Transfer LP,24
E100001013560,Cassa Depositi e Prestiti SpA,E100001015277,Mineralölverbundleitung Schwedt GmbH,24
E100001014294,Energy Transfer LP,E100001014294,Energy Transfer LP,24
E100001014434,T. Rowe Price Investment Management Inc,E100001014294,Energy Transfer LP,24
E100001014543,Capital Research Global Investors,E100001014294,Energy Transfer LP,24
E100001015587,small shareholder(s),E100001015277,Mineralölverbundleitung Schwedt GmbH,24
E100001015833,Blackrock Advisors LLC,E100001015277,Mineralölverbundleitung Schwedt GmbH,24
E100001015988,BP Russian Investments Ltd,E100001015277,Mineralölverbundleitung Schwedt GmbH,24
E100001015989,QH Oil Investments LLC,E100001015277,Mineralölverbundleitung Schwedt GmbH,24
E100001015991,National Settlement Depository JSC,E100001015277,Mineralölverbundleitung Schwedt GmbH,24
E100001015992,RN-NeftKapitalInvest LLC,E100001015277,Mineralölverbundleitung Schwedt GmbH,24
E100001016645,T. Rowe Price Group Inc,E100001014294,Energy Transfer LP,24
E100001016677,Government of Italy,E100001015277,Mineralölverbundleitung Schwedt GmbH,24
E100001016771,Moscow Exchange MICEX-RTS PJSC,E100001015277,Mineralölverbundleitung Schwedt GmbH,24
E100002000989,State Development Corporation VEB.RF,E100001015277,Mineralölverbundleitung Schwedt GmbH,24
E100002001974,member/employee owned,E100001015277,Mineralölverbundleitung Schwedt GmbH,24
E100002004413,RN Refining & Marketing GmbH,E100001015277,Mineralölverbundleitung Schwedt GmbH,24
E100002004538,Central Bank of the Russian Federation,E100001015277,Mineralölverbundleitung Schwedt GmbH,24
E100002004539,Sberbank PJSC,E100001015277,Mineralölverbundleitung Schwedt GmbH,24
E100002007653,Bp International Ltd,E100001015277,Mineralölverbundleitung Schwedt GmbH,24
E100002007660,J.P. Morgan Capital Holdings Ltd,E100001015277,Mineralölverbundleitung Schwedt GmbH,24
E100002016408,Ministry of Finance (Russia),E100001015277,Mineralölverbundleitung Schwedt GmbH,24
E100000180733,China National Petroleum Corp,E100000180733,China National Petroleum Corp,23
E100001015587,small shareholder(s),E100001014325,Plains All American Pipeline LP,23
E100000001860,Egyptian General Petroleum Corp,E100000001860,Egyptian General Petroleum Corp,22
E100001000147,Ministry of Petroleum and Mineral Resources (Egypt),E100000001860,Egyptian General Petroleum Corp,22
E100001000148,Government of Egypt,E100000001860,Egyptian General Petroleum Corp,22
E100001014455,China Petroleum & Chemical Corp,E100001014455,China Petroleum & Chemical Corp,21
E100001014866,Government of China,E100001014455,China Petroleum & Chemical Corp,21
E100000000669,National Company KazMunayGas JSC,E100001015202,KazTransOil JSC,20
E100000000671,Samruk-Kazyna SWF JSC,E100001015202,KazTransOil JSC,20
E100001000197,Government of Kazakhstan,E100001015202,KazTransOil JSC,20
E100001010042,Ministry of Finance (Kazakhstan),E100001015202,KazTransOil JSC,20
E100001015201,National Bank of Kazakhstan,E100001015202,KazTransOil JSC,20
E100001015202,KazTransOil JSC,E100001015202,KazTransOil JSC,20
E100002001974,member/employee owned,E100001014294,Energy Transfer LP,20
E100001015587,small shareholder(s),E100001014294,Energy Transfer LP,19
E100001015587,small shareholder(s),E100001015202,KazTransOil JSC,19
E100000001213,Exxon Mobil Corp,E100000001213,Exxon Mobil Corp,17
E100001000348,BlackRock Inc,E100001014294,Energy Transfer LP,17
E100001010595,The Vanguard Group Inc,E100001014294,Energy Transfer LP,17
E100000000034,State Oil Company of Azerbaijan Republic,E100000000034,State Oil Company of Azerbaijan Republic,16
E100000001179,Chevron Corp,E100000001179,Chevron Corp,16
E100001000250,Government of Azerbaijan,E100000000034,State Oil Company of Azerbaijan Republic,16
E100001000348,BlackRock Inc,E100000001179,Chevron Corp,16
E100001010596,State Street Corp,E100000001179,Chevron Corp,16
E100001010596,State Street Corp,E100000001213,Exxon Mobil Corp,16
E100001015833,Blackrock Advisors LLC,E100000001213,Exxon Mobil Corp,16
E100000000387,TotalEnergies SE,E100000000387,TotalEnergies SE,15
E100000000720,Petróleos Mexicanos EPE,E100000000720,Petróleos Mexicanos EPE,15
E100001000081,Government of Mexico,E100000000720,Petróleos Mexicanos EPE,15
E100001000348,BlackRock Inc,E100000001213,Exxon Mobil Corp,15
E100001010595,The Vanguard Group Inc,E100000001213,Exxon Mobil Corp,15
E100001015833,Blackrock Advisors LLC,E100000001179,Chevron Corp,15
E100002001974,member/employee owned,E100000000387,TotalEnergies SE,15
E100000000173,China Petrochemical Corp,E100000000865,SIBUR Holding PJSC,14
E100001010596,State Street Corp,E100001014294,Energy Transfer LP,14
E100001015833,Blackrock Advisors LLC,E100001014294,Energy Transfer LP,14
E100000000056,Yacimientos Petrolíferos Fiscales Bolivianos Corp,E100001016100,YPFB Transporte SA,13
E100001000018,Government of Bolivia,E100001016100,YPFB Transporte SA,13
E100001015587,small shareholder(s),E100000001213,Exxon Mobil Corp,13
E100001015587,small shareholder(s),E100001016100,YPFB Transporte SA,13
E100000000084,Petróleo Brasileiro SA,E100000000084,Petróleo Brasileiro SA,12
E100000000136,TC Energy Corp,E100000000136,TC Energy Corp,12
E100000001075,Naftogaz of Ukraine JSC,E100000001075,Naftogaz of Ukraine JSC,12
E100000001155,Berkshire Hathaway Inc,E100000001179,Chevron Corp,12
E100000123261,natural person(s),E100002004362,Mid-America Pipeline Company LLC,12
E100001000269,Government of Ukraine,E100000001075,Naftogaz of Ukraine JSC,12
E100001000311,Government of Brazil,E100000000084,Petróleo Brasileiro SA,12
E100001000312,BNDES Participações SA,E100000000084,Petróleo Brasileiro SA,12
E100001000313,Brazilian Development Bank,E100000000084,Petróleo Brasileiro SA,12
E100001000314,"Ministério do Desenvolvimento, Indústria, Comércio e Serviços (Brasil)",E100000000084,Petróleo Brasileiro SA,12
E100001010595,The Vanguard Group Inc,E100000001179,Chevron Corp,12
E100001014282,Enterprise Products Partners LP,E100002004362,Mid-America Pipeline Company LLC,12
E100001014312,Royal Bank of Canada,E100000000136,TC Energy Corp,12
E100001014689,Enterprise Products Co,E100002004362,Mid-America Pipeline Company LLC,12
E100001015587,small shareholder(s),E100000000084,Petróleo Brasileiro SA,12
E100001015587,small shareholder(s),E100000000136,TC Energy Corp,12
E100001015587,small shareholder(s),E100000001179,Chevron Corp,12
E100001015587,small shareholder(s),E100002004362,Mid-America Pipeline Company LLC,12
E100001015800,Royal Trust Corporation of Canada,E100000000136,TC Energy Corp,12
E100002021864,Goldman Sachs Asset Management LP,E100000000136,TC Energy Corp,12
E100000000013,YPF SA,E100000000013,YPF SA,11
E100000000387,TotalEnergies SE,E100001015713,Société du Pipeline Sud-Européen SA,11
E100000000746,Shell PLC,E100000000746,Shell PLC,11
E100000000746,Shell PLC,E100001015713,Société du Pipeline Sud-Européen SA,11
E100000001096,BP PLC,E100001015713,Société du Pipeline Sud-Européen SA,11
E100000001177,CenterPoint Energy Inc,E100001015522,NuStar Energy LP,11
E100000001213,Exxon Mobil Corp,E100001015713,Société du Pipeline Sud-Européen SA,11
E100000123261,natural person(s),E100001015522,NuStar Energy LP,11
E100000123261,natural person(s),E100001015713,Société du Pipeline Sud-Européen SA,11
E100001000348,BlackRock Inc,E100001015522,NuStar Energy LP,11
E100001000348,BlackRock Inc,E100001015713,Société du Pipeline Sud-Européen SA,11
E100001000615,Guaranty Nominees Ltd,E100001015713,Société du Pipeline Sud-Européen SA,11
E100001000901,The Capital Group Companies Inc,E100001015522,NuStar Energy LP,11
E100001010595,The Vanguard Group Inc,E100001015522,NuStar Energy LP,11
E100001010595,The Vanguard Group Inc,E100001015713,Société du Pipeline Sud-Européen SA,11
E100001010596,State Street Corp,E100001015522,NuStar Energy LP,11
E100001010596,State Street Corp,E100001015713,Société du Pipeline Sud-Européen SA,11
E100001010706,Capital International Investors,E100001015522,NuStar Energy LP,11
E100001010707,Capital Research and Management Co,E100001015522,NuStar Energy LP,11
E100001011247,ConocoPhillips Corp,E100001011247,ConocoPhillips Corp,11
E100001011471,Government of Argentina,E100000000013,YPF SA,11
E100001014294,Energy Transfer LP,E100001015522,NuStar Energy LP,11
E100001014434,T. Rowe Price Investment Management Inc,E100001015522,NuStar Energy LP,11
E100001014543,Capital Research Global Investors,E100001015522,NuStar Energy LP,11
E100001014648,ALPS Advisors Inc,E100001015522,NuStar Energy LP,11
E100001015579,North Atlantic Treaty Organization,E100001015579,North Atlantic Treaty Organization,11
E100001015587,small shareholder(s),E100000000013,YPF SA,11
E100001015587,small shareholder(s),E100001015522,NuStar Energy LP,11
E100001015587,small shareholder(s),E100001015713,Société du Pipeline Sud-Européen SA,11
E100001015599,Sunoco LP,E100001015522,NuStar Energy LP,11
E100001015698,Société de Participations dans l'Industrie et le Transport du Pétrole,E100001015713,Société du Pipeline Sud-Européen SA,11
E100001015833,Blackrock Advisors LLC,E100001015522,NuStar Energy LP,11
E100001015833,Blackrock Advisors LLC,E100001015713,Société du Pipeline Sud-Européen SA,11
E100001016645,T. Rowe Price Group Inc,E100001015522,NuStar Energy LP,11
E100002001974,member/employee owned,E100001015522,NuStar Energy LP,11
E100002001974,member/employee owned,E100001015713,Société du Pipeline Sud-Européen SA,11
E100002004370,Sunoco GP LLC,E100001015522,NuStar Energy LP,11
E100002007660,J.P. Morgan Capital Holdings Ltd,E100001015713,Société du Pipeline Sud-Européen SA,11
E100002021868,ALPS holdings Inc,E100001015522,NuStar Energy LP,11
E100000000013,YPF SA,E100001015656,Oleoductos del Valle SA,10
E100000001096,BP PLC,E100001015656,Oleoductos del Valle SA,10
E100000001155,Berkshire Hathaway Inc,E100001011267,Hess Corp,10
E100000001155,Berkshire Hathaway Inc,E100001015656,Oleoductos del Valle SA,10
E100000001179,Chevron Corp,E100001011267,Hess Corp,10
E100000001179,Chevron Corp,E100001015656,Oleoductos del Valle SA,10
E100000132388,unknown,E100001015656,Oleoductos del Valle SA,10
E100000189189,Cnooc International,E100001015656,Oleoductos del Valle SA,10
E100001000348,BlackRock Inc,E100001011247,ConocoPhillips Corp,10
E100001000348,BlackRock Inc,E100001015278,ONEOK Inc,10
E100001000348,BlackRock Inc,E100001015656,Oleoductos del Valle SA,10
E100001000615,Guaranty Nominees Ltd,E100001015656,Oleoductos del Valle SA,10
E100001010595,The Vanguard Group Inc,E100001011247,ConocoPhillips Corp,10
E100001010595,The Vanguard Group Inc,E100001015278,ONEOK Inc,10
E100001010595,The Vanguard Group Inc,E100001015656,Oleoductos del Valle SA,10
E100001010596,State Street Corp,E100001011247,ConocoPhillips Corp,10
E100001010596,State Street Corp,E100001015278,ONEOK Inc,10
E100001010596,State Street Corp,E100001015656,Oleoductos del Valle SA,10
E100001011267,Hess Corp,E100001011267,Hess Corp,10
E100001011471,Government of Argentina,E100001015656,Oleoductos del Valle SA,10
E100001015278,ONEOK Inc,E100001015278,ONEOK Inc,10
E100001015587,small shareholder(s),E100001011247,ConocoPhillips Corp,10
E100001015587,small shareholder(s),E100001015278,ONEOK Inc,10
E100001015587,small shareholder(s),E100001015656,Oleoductos del Valle SA,10
E100001015833,Blackrock Advisors LLC,E100001011247,ConocoPhillips Corp,10
E100001015833,Blackrock Advisors LLC,E100001015278,ONEOK Inc,10
E100001015833,Blackrock Advisors LLC,E100001015656,Oleoductos del Valle SA,10
E100001015866,Willow Tree SARL,E100001015656,Oleoductos del Valle SA,10
E100001015867,Century Holdings SARL,E100001015656,Oleoductos del Valle SA,10
E100001015868,Endurance Corporation SARL,E100001015656,Oleoductos del Valle SA,10
E100002007660,J.P. Morgan Capital Holdings Ltd,E100001015656,Oleoductos del Valle SA,10
E100002014004,Bridas Energy Holdings Ltd,E100001015656,Oleoductos del Valle SA,10
E100001015278,ONEOK Inc,E100001014604,Magellan Midstream Partners LP,9
E100001015587,small shareholder(s),E100000000746,Shell PLC,9
E100000000127,Pembina Pipeline Corp,E100000000127,Pembina Pipeline Corp,8
E100000000250,Rongsheng Petro Chemical Co Ltd,E100000004373,Zhejiang Petroleum & Chemical Co Ltd,8
E100000000285,Tongkun Group Co Ltd,E100000004373,Zhejiang Petroleum & Chemical Co Ltd,8
E100000000315,Zhoushan Marine Comprehensive Development and Investment Co Ltd,E100000004373,Zhejiang Petroleum & Chemical Co Ltd,8
E100000000387,TotalEnergies SE,E100000152472,Novatek PJSC,8
E100000001254,Marathon Petroleum Corp,E100001015054,MPLX LP,8
E100000001492,Gazprom PJSC,E100000152472,Novatek PJSC,8
E100000121185,Rosneftegaz JSC,E100000152472,Novatek PJSC,8
E100000123261,natural person(s),E100000152472,Novatek PJSC,8
E100000124101,JUHUA Group Corp,E100000004373,Zhejiang Petroleum & Chemical Co Ltd,8
E100000124618,Hangzhou Iron & Steel Group Co,E100000004373,Zhejiang Petroleum & Chemical Co Ltd,8
E100000124885,Zhoushan Putuo District State-owned Assets Investment Operation Co Ltd,E100000004373,Zhejiang Petroleum & Chemical Co Ltd,8
E100000124886,Shengsi County State-owned Asset Investment Management Co Ltd,E100000004373,Zhejiang Petroleum & Chemical Co Ltd,8
E100000124887,Zhoushan Islands New Area Penglai State Asset Investment Group Co Ltd,E100000004373,Zhejiang Petroleum & Chemical Co Ltd,8
E100000124888,Zhoushan Dinghai District State-Owned Assets Management Co Ltd,E100000004373,Zhejiang Petroleum & Chemical Co Ltd,8
E100000125100,Zhejiang Yangshan Port Construction and Development Co Ltd,E100000004373,Zhejiang Petroleum & Chemical Co Ltd,8
E100000125730,"Finance Bureau of Dinghai District, Zhoushan City (State-owned Assets Supervision and Administration Office of the People's Government of Dinghai District, Zhoushan City)",E100000004373,Zhejiang Petroleum & Chemical Co Ltd,8
E100000125731,"Finance Bureau of Putuo District, Zhoushan City",E100000004373,Zhejiang Petroleum & Chemical Co Ltd,8
E100000125732,Daishan County Finance Bureau,E100000004373,Zhejiang Petroleum & Chemical Co Ltd,8
E100000125784,State-owned Assets Management Committee of Shengsi County,E100000004373,Zhejiang Petroleum & Chemical Co Ltd,8
E100000126055,Zhoushan State-owned Assets Supervision and Administration Commission,E100000004373,Zhejiang Petroleum & Chemical Co Ltd,8
E100000152472,Novatek PJSC,E100000152472,Novatek PJSC,8
E100001000031,Zhejiang Provincial People's Government State-owned Assets Supervision and Administration Commission,E100000004373,Zhejiang Petroleum & Chemical Co Ltd,8
E100001000032,Zhejiang Financial Development Co Ltd,E100000004373,Zhejiang Petroleum & Chemical Co Ltd,8
E100001000033,Zhejiang Provincial Department of Finance,E100000004373,Zhejiang Petroleum & Chemical Co Ltd,8
E100001000094,Government of Russia,E100000152472,Novatek PJSC,8
E100001000270,Federal Agency for State Property Management (Russia),E100000152472,Novatek PJSC,8
E100001000348,BlackRock Inc,E100000152472,Novatek PJSC,8
E100001010595,The Vanguard Group Inc,E100000152472,Novatek PJSC,8
E100001014312,Royal Bank of Canada,E100000000127,Pembina Pipeline Corp,8
E100001015054,MPLX LP,E100001015054,MPLX LP,8
E100001015587,small shareholder(s),E100000000127,Pembina Pipeline Corp,8
E100001015587,small shareholder(s),E100000152472,Novatek PJSC,8
E100001015833,Blackrock Advisors LLC,E100000152472,Novatek PJSC,8
E100002001974,member/employee owned,E100000152472,Novatek PJSC,8
E100000000746,Shell PLC,E100001014099,Shell Midstream Partners LP,7
E100000000771,Petoro AS,E100000000771,Petoro AS,7
E100000000839,Government of Qatar,E100000000846,QatarEnergy,7
E100000000846,QatarEnergy,E100000000846,QatarEnergy,7
E100000000879,TAIF JSC,E100000000865,SIBUR Holding PJSC,7
E100000001282,Phillips 66,E100001014526,DCP Midstream LLC,7
E100000001534,JPMorgan Chase & Co Corp,E100001015045,Santos Ltd,7
E100000123261,natural person(s),E100000000865,SIBUR Holding PJSC,7
E100000123261,natural person(s),E100001015045,Santos Ltd,7
E100000123261,natural person(s),E100001015850,Plains GP Holdings LP,7
E100000135826,Citigroup Inc,E100001015045,Santos Ltd,7
E100001000085,Government of Norway,E100000000771,Petoro AS,7
E100001000348,BlackRock Inc,E100001014526,DCP Midstream LLC,7
E100001000348,BlackRock Inc,E100001015054,MPLX LP,7
E100001010427,HSBC Custody Nominees (Australia) Ltd,E100001015045,Santos Ltd,7
E100001010428,JP Morgan Nominees Australia Pty Ltd,E100001015045,Santos Ltd,7
E100001010429,Citicorp Nominees Pty Ltd,E100001015045,Santos Ltd,7
E100001010595,The Vanguard Group Inc,E100001014526,DCP Midstream LLC,7
E100001010595,The Vanguard Group Inc,E100001015045,Santos Ltd,7
E100001010595,The Vanguard Group Inc,E100001015054,MPLX LP,7
E100001010596,State Street Corp,E100001014526,DCP Midstream LLC,7
E100001010596,State Street Corp,E100001014604,Magellan Midstream Partners LP,7
E100001010596,State Street Corp,E100001015054,MPLX LP,7
E100001010605,The Silk Road Fund Co Ltd,E100000000865,SIBUR Holding PJSC,7
E100001010998,EP Petroecuador,E100001010998,EP Petroecuador,7
E100001010999,Government of Ecuador,E100001010998,EP Petroecuador,7
E100001014455,China Petroleum & Chemical Corp,E100000000865,SIBUR Holding PJSC,7
E100001014681,Energy Income Partners LLC,E100001015850,Plains GP Holdings LP,7
E100001014866,Government of China,E100000000865,SIBUR Holding PJSC,7
E100001015045,Santos Ltd,E100001015045,Santos Ltd,7
E100001015587,small shareholder(s),E100001014099,Shell Midstream Partners LP,7
E100001015587,small shareholder(s),E100001014526,DCP Midstream LLC,7
E100001015587,small shareholder(s),E100001015054,MPLX LP,7
E100001015587,small shareholder(s),E100001015850,Plains GP Holdings LP,7
E100001015833,Blackrock Advisors LLC,E100001014526,DCP Midstream LLC,7
E100001015833,Blackrock Advisors LLC,E100001015054,MPLX LP,7
E100001015850,Plains GP Holdings LP,E100001015850,Plains GP Holdings LP,7
E100001015852,Tortoise Capital Advisors LLC,E100001015850,Plains GP Holdings LP,7
E100001016390,HSBC Bank Australia Ltd,E100001015045,Santos Ltd,7
E100002004378,State Street Global Advisors Inc,E100001015045,Santos Ltd,7
E100002004466,Akvila LLC,E100000000865,SIBUR Holding PJSC,7
E100002004467,SG-Invest JSC,E100000000865,SIBUR Holding PJSC,7
E100002004468,Gazprom Gazoraspredelenie JSC,E100000000865,SIBUR Holding PJSC,7
E100002004469,Aktsept LLC,E100000000865,SIBUR Holding PJSC,7
E100002015130,JP Morgan Holdings Australia Pty Ltd,E100001015045,Santos Ltd,7
E100002015131,JP Morgan International Finance Ltd,E100001015045,Santos Ltd,7
E100002015132,JP Morgan International Inc,E100001015045,Santos Ltd,7
E100002019433,EIP EP LLC,E100001015850,Plains GP Holdings LP,7
E100002021813,HSBC holdings plc,E100001015045,Santos Ltd,7
E100002022201,Tortoise Borrower LLC,E100001015850,Plains GP Holdings LP,7
E100000000112,Enbridge Inc,E100001015385,Seaway Crude Pipeline Company LLC,6
E100000000135,Suncor Energy Inc,E100000000135,Suncor Energy Inc,6
E100000000524,Oil and Natural Gas Corporation Ltd,E100000001918,Indian Oil Corporation Ltd,6
E100000000610,Eni SpA,E100001014209,Karachaganak Petroleum Operating BV,6
E100000000669,National Company KazMunayGas JSC,E100001014209,Karachaganak Petroleum Operating BV,6
E100000000671,Samruk-Kazyna SWF JSC,E100001014209,Karachaganak Petroleum Operating BV,6
E100000000746,Shell PLC,E100001014209,Karachaganak Petroleum Operating BV,6
E100000000758,NNPC Ltd,E100000000758,NNPC Ltd,6
E100000000766,Equinor ASA,E100001014692,Equinor Energy AS,6
E100000000781,OQ SAOC,E100000000781,OQ SAOC,6
E100000000869,LUKOIL PJSC,E100000000869,LUKOIL PJSC,6
E100000000869,LUKOIL PJSC,E100001014209,Karachaganak Petroleum Operating BV,6
E100000001155,Berkshire Hathaway Inc,E100000001270,Occidental Petroleum Corp,6
E100000001155,Berkshire Hathaway Inc,E100001014209,Karachaganak Petroleum Operating BV,6
E100000001158,Blackstone Inc,E100001015820,Tallgrass Pony Express Pipeline LLC,6
E100000001179,Chevron Corp,E100001014209,Karachaganak Petroleum Operating BV,6
E100000001270,Occidental Petroleum Corp,E100000001270,Occidental Petroleum Corp,6
E100000001918,Indian Oil Corporation Ltd,E100000001918,Indian Oil Corporation Ltd,6
E100000123261,natural person(s),E100001014203,Athabasca Indigenous Investments LP,6
E100000123261,natural person(s),E100001015385,Seaway Crude Pipeline Company LLC,6
E100000132388,unknown,E100001015820,Tallgrass Pony Express Pipeline LLC,6
E100000139852,JPMorgan Chase Bank,E100001015045,Santos Ltd,6
E100000153028,Oil India Ltd,E100000001918,Indian Oil Corporation Ltd,6
E100000181249,Citibank National Association,E100001015045,Santos Ltd,6
E100001000197,Government of Kazakhstan,E100001014209,Karachaganak Petroleum Operating BV,6
E100001000296,Government of Nigeria,E100000000758,NNPC Ltd,6
E100001000345,Ministry of Finance Incorporated (Nigeria),E100000000758,NNPC Ltd,6
E100001000348,BlackRock Inc,E100001014209,Karachaganak Petroleum Operating BV,6
E100001000348,BlackRock Inc,E100001015045,Santos Ltd,6
E100001000348,BlackRock Inc,E100001015820,Tallgrass Pony Express Pipeline LLC,6
E100001000348,BlackRock Inc,E100002004313,Grand Prix Pipeline LLC,6
E100001000397,Government of India,E100000001918,Indian Oil Corporation Ltd,6
E100001000520,Life Insurance Corporation of India Ltd,E100000001918,Indian Oil Corporation Ltd,6
E100001010042,Ministry of Finance (Kazakhstan),E100001014209,Karachaganak Petroleum Operating BV,6
E100001010595,The Vanguard Group Inc,E100000001270,Occidental Petroleum Corp,6
E100001010595,The Vanguard Group Inc,E100001014209,Karachaganak Petroleum Operating BV,6
E100001010595,The Vanguard Group Inc,E100001014604,Magellan Midstream Partners LP,6
E100001010595,The Vanguard Group Inc,E100001015820,Tallgrass Pony Express Pipeline LLC,6
E100001010595,The Vanguard Group Inc,E100002004313,Grand Prix Pipeline LLC,6
E100001010596,State Street Corp,E100001014209,Karachaganak Petroleum Operating BV,6
E100001010596,State Street Corp,E100001015045,Santos Ltd,6
E100001010596,State Street Corp,E100002004313,Grand Prix Pipeline LLC,6
E100001013560,Cassa Depositi e Prestiti SpA,E100001014209,Karachaganak Petroleum Operating BV,6
E100001014203,Athabasca Indigenous Investments LP,E100001014203,Athabasca Indigenous Investments LP,6
E100001014282,Enterprise Products Partners LP,E100001015385,Seaway Crude Pipeline Company LLC,6
E100001014312,Royal Bank of Canada,E100000000135,Suncor Energy Inc,6
E100001014312,Royal Bank of Canada,E100001015385,Seaway Crude Pipeline Company LLC,6
E100001014386,Targa Resources Corp,E100002004313,Grand Prix Pipeline LLC,6
E100001014689,Enterprise Products Co,E100001015385,Seaway Crude Pipeline Company LLC,6
E100001015201,National Bank of Kazakhstan,E100001014209,Karachaganak Petroleum Operating BV,6
E100001015587,small shareholder(s),E100000000135,Suncor Energy Inc,6
E100001015587,small shareholder(s),E100000000869,LUKOIL PJSC,6
E100001015587,small shareholder(s),E100000001918,Indian Oil Corporation Ltd,6
E100001015587,small shareholder(s),E100001014209,Karachaganak Petroleum Operating BV,6
E100001015587,small shareholder(s),E100001015045,Santos Ltd,6
E100001015587,small shareholder(s),E100001015385,Seaway Crude Pipeline Company LLC,6
E100001015587,small shareholder(s),E100001015820,Tallgrass Pony Express Pipeline LLC,6
E100001015587,small shareholder(s),E100002004313,Grand Prix Pipeline LLC,6
E100001015644,Dodge & Cox,E100000001270,Occidental Petroleum Corp,6
E100001015822,Pony Express and Tallgrass Development LP,E100001015820,Tallgrass Pony Express Pipeline LLC,6
E100001015833,Blackrock Advisors LLC,E100001014209,Karachaganak Petroleum Operating BV,6
E100001015833,Blackrock Advisors LLC,E100001014604,Magellan Midstream Partners LP,6
E100001015833,Blackrock Advisors LLC,E100001015045,Santos Ltd,6
E100001015833,Blackrock Advisors LLC,E100001015820,Tallgrass Pony Express Pipeline LLC,6
E100001015833,Blackrock Advisors LLC,E100002004313,Grand Prix Pipeline LLC,6
E100001015834,Wellington Management Company LLP,E100002004313,Grand Prix Pipeline LLC,6
E100001016380,Citigroup Pty Ltd,E100001015045,Santos Ltd,6
E100001016677,Government of Italy,E100001014209,Karachaganak Petroleum Operating BV,6
E100002000701,Ministry of Petroleum Incorporated (Nigeria),E100000000758,NNPC Ltd,6
E100002001974,member/employee owned,E100000001270,Occidental Petroleum Corp,6
E100002001974,member/employee owned,E100002004313,Grand Prix Pipeline LLC,6
E100002022039,Citibank Overseas Investment Corp,E100001015045,Santos Ltd,6
E100000000027,OMV AG,E100000000027,OMV AG,5
E100000000387,TotalEnergies SE,E100001015923,TotalEnergies EP Norge AS,5
E100000000777,Government of Oman,E100000000781,OQ SAOC,5
E100000001079,Abu Dhabi National Oil Co,E100000000027,OMV AG,5
E100000001096,BP PLC,E100001015108,Iraq Petroleum Co Ltd,5
E100000001321,Valero Energy Corp,E100000001321,Valero Energy Corp,5
E100000001492,Gazprom PJSC,E100001011300,Gazprom Neft PJSC,5
E100000001595,National Petroleum and Natural Gas Pipeline Network Group Co Ltd,E100000001595,National Petroleum and Natural Gas Pipeline Network Group Co Ltd,5
E100000002139,Turkmennebit,E100000002139,Turkmennebit,5
E100000121185,Rosneftegaz JSC,E100001011300,Gazprom Neft PJSC,5
E100000149136,Frontera Energy,E100000149136,Frontera Energy,5
E100000152934,Genesis Energy LP,E100000152934,Genesis Energy LP,5
E100001000094,Government of Russia,E100001011300,Gazprom Neft PJSC,5
E100001000094,Government of Russia,E100001014431,Chernomortransneft JSC,5
E100001000095,Emirate of Abu Dhabi (United Arab Emirates),E100000000027,OMV AG,5
E100001000270,Federal Agency for State Property Management (Russia),E100001011300,Gazprom Neft PJSC,5
E100001000293,Government of Turkmenistan,E100000002139,Turkmennebit,5
E100001000346,Invesco Ltd,E100000152934,Genesis Energy LP,5
E100001000348,BlackRock Inc,E100000000387,TotalEnergies SE,5
E100001000348,BlackRock Inc,E100000001321,Valero Energy Corp,5
E100001000348,BlackRock Inc,E100001014604,Magellan Midstream Partners LP,5
E100001000348,BlackRock Inc,E100001015108,Iraq Petroleum Co Ltd,5
E100001000615,Guaranty Nominees Ltd,E100001015108,Iraq Petroleum Co Ltd,5
E100001010595,The Vanguard Group Inc,E100000000387,TotalEnergies SE,5
E100001010595,The Vanguard Group Inc,E100000001321,Valero Energy Corp,5
E100001010595,The Vanguard Group Inc,E100001015108,Iraq Petroleum Co Ltd,5
E100001010596,State Street Corp,E100000001321,Valero Energy Corp,5
E100001011300,Gazprom Neft PJSC,E100001011300,Gazprom Neft PJSC,5
E100001011511,Österreichische Beteiligungs AG,E100000000027,OMV AG,5
E100001014069,BP Exploration Operating Company Ltd,E100001015108,Iraq Petroleum Co Ltd,5
E100001014432,Transneft PJSC,E100001014431,Chernomortransneft JSC,5
E100001014648,ALPS Advisors Inc,E100000152934,Genesis Energy LP,5
E100001015128,Jadranski Naftovod dd,E100001015128,Jadranski Naftovod dd,5
E100001015129,Ministry of Finance (Croatia),E100001015128,Jadranski Naftovod dd,5
E100001015130,Center for Restructuring and Sale,E100001015128,Jadranski Naftovod dd,5
E100001015131,OTP Banka dd,E100001015128,Jadranski Naftovod dd,5
E100001015132,Hrvatska postanska banka dd,E100001015128,Jadranski Naftovod dd,5
E100001015383,Max Energy Industrial Holdings US LLC,E100001015381,Seahawk Pipeline LLC,5
E100001015587,small shareholder(s),E100001011300,Gazprom Neft PJSC,5
E100001015587,small shareholder(s),E100001014431,Chernomortransneft JSC,5
E100001015587,small shareholder(s),E100001015108,Iraq Petroleum Co Ltd,5
E100001015587,small shareholder(s),E100001015587,small shareholder(s),5
E100001015833,Blackrock Advisors LLC,E100000000387,TotalEnergies SE,5
E100001015833,Blackrock Advisors LLC,E100000001321,Valero Energy Corp,5
E100001015833,Blackrock Advisors LLC,E100001015108,Iraq Petroleum Co Ltd,5
E100002001974,member/employee owned,E100001015923,TotalEnergies EP Norge AS,5
E100002007636,Bp Exploration Co Ltd,E100001015108,Iraq Petroleum Co Ltd,5
E100002007653,Bp International Ltd,E100001015108,Iraq Petroleum Co Ltd,5
E100002007660,J.P. Morgan Capital Holdings Ltd,E100001015108,Iraq Petroleum Co Ltd,5
E100002007863,Government of Austria,E100000000027,OMV AG,5
E100002021868,ALPS holdings Inc,E100000152934,Genesis Energy LP,5
E100002022061,Massachusetts Mutual Life Insurance Co,E100000152934,Genesis Energy LP,5
E100002022062,Trian Fund Management LP,E100000152934,Genesis Energy LP,5
E100002022200,Global X Management Company,E100000152934,Genesis Energy LP,5
E100000000245,PetroChina Co Ltd,E100000000245,PetroChina Co Ltd,4
E100000000694,Vitol Holding II SA,E100001016009,Vostok Oil LLC,4
E100000000839,Government of Qatar,E100001016009,Vostok Oil LLC,4
E100000000845,Qatar Investment Authority,E100001016009,Vostok Oil LLC,4
E100000000874,Rosneft PJSC,E100001016009,Vostok Oil LLC,4
E100000000980,Repsol SA,E100000000980,Repsol SA,4
E100000001096,BP PLC,E100001016009,Vostok Oil LLC,4
E100000001107,European Bank for Reconstruction and Development,E100001016009,Vostok Oil LLC,4
E100000001177,CenterPoint Energy Inc,E100001015770,Permian Express Partners LLC,4
E100000001213,Exxon Mobil Corp,E100001015770,Permian Express Partners LLC,4
E100000001246,Koch Industries LLC,E100000001246,Koch Industries LLC,4
E100000001282,Phillips 66,E100000001282,Phillips 66,4
E100000002166,Perenco SA,E100000002166,Perenco SA,4
E100000121185,Rosneftegaz JSC,E100001016009,Vostok Oil LLC,4
E100000123261,natural person(s),E100000001246,Koch Industries LLC,4
E100000123261,natural person(s),E100000002166,Perenco SA,4
E100000123261,natural person(s),E100001014345,Compañía General de Combustibles SA,4
E100000123261,natural person(s),E100001014623,Eagle Ford Pipeline LLC,4
E100000123261,natural person(s),E100001015770,Permian Express Partners LLC,4
E100000132388,unknown,E100000000245,PetroChina Co Ltd,4
E100000136108,State Street Bank and Trust Co,E100001016009,Vostok Oil LLC,4
E100000152286,Norsk Hydro ASA,E100001015571,Hydro Energi AS,4
E100000180733,China National Petroleum Corp,E100000000245,PetroChina Co Ltd,4
E100000192363,Sinopec,E100000000245,PetroChina Co Ltd,4
E100000192367,Sinopec Corp,E100000000245,PetroChina Co Ltd,4
E100000192528,CITIC Securities,E100000000245,PetroChina Co Ltd,4
E100001000094,Government of Russia,E100001016009,Vostok Oil LLC,4
E100001000270,Federal Agency for State Property Management (Russia),E100001016009,Vostok Oil LLC,4
E100001000328,HKSCC Nominees Ltd,E100000000245,PetroChina Co Ltd,4
E100001000330,Qatar Holding LLC,E100001016009,Vostok Oil LLC,4
E100001000348,BlackRock Inc,E100000000980,Repsol SA,4
E100001000348,BlackRock Inc,E100000001282,Phillips 66,4
E100001000348,BlackRock Inc,E100000152934,Genesis Energy LP,4
E100001000348,BlackRock Inc,E100001000348,BlackRock Inc,4
E100001000348,BlackRock Inc,E100001015770,Permian Express Partners LLC,4
E100001000348,BlackRock Inc,E100001016009,Vostok Oil LLC,4
E100001000348,BlackRock Inc,E100001016027,West Texas LPG Pipeline LP,4
E100001000348,BlackRock Inc,E100002004277,EnLink NGL Pipeline LP,4
E100001000370,Government of Pakistan,E100001000370,Government of Pakistan,4
E100001000615,Guaranty Nominees Ltd,E100001016009,Vostok Oil LLC,4
E100001000901,The Capital Group Companies Inc,E100001015770,Permian Express Partners LLC,4
E100001010595,The Vanguard Group Inc,E100000001282,Phillips 66,4
E100001010595,The Vanguard Group Inc,E100000152934,Genesis Energy LP,4
E100001010595,The Vanguard Group Inc,E100001000348,BlackRock Inc,4
E100001010595,The Vanguard Group Inc,E100001015770,Permian Express Partners LLC,4
E100001010595,The Vanguard Group Inc,E100001016009,Vostok Oil LLC,4
E100001010595,The Vanguard Group Inc,E100001016027,West Texas LPG Pipeline LP,4
E100001010595,The Vanguard Group Inc,E100002004277,EnLink NGL Pipeline LP,4
E100001010596,State Street Corp,E100000001282,Phillips 66,4
E100001010596,State Street Corp,E100001015770,Permian Express Partners LLC,4
E100001010596,State Street Corp,E100001016009,Vostok Oil LLC,4
E100001010596,State Street Corp,E100001016027,West Texas LPG Pipeline LP,4
E100001010596,State Street Corp,E100002004277,EnLink NGL Pipeline LP,4
E100001010706,Capital International Investors,E100001015770,Permian Express Partners LLC,4
E100001010707,Capital Research and Management Co,E100001015770,Permian Express Partners LLC,4
E100001011945,National Iranian Oil Refining And Distribution Co,E100001011945,National Iranian Oil Refining And Distribution Co,4
E100001011945,National Iranian Oil Refining And Distribution Co,E100001015434,National Iranian Oil Engineering and Construction Co,4
E100001014282,Enterprise Products Partners LP,E100001014623,Eagle Ford Pipeline LLC,4
E100001014294,Energy Transfer LP,E100001015770,Permian Express Partners LLC,4
E100001014325,Plains All American Pipeline LP,E100001014623,Eagle Ford Pipeline LLC,4
E100001014434,T. Rowe Price Investment Management Inc,E100001015770,Permian Express Partners LLC,4
E100001014543,Capital Research Global Investors,E100001015770,Permian Express Partners LLC,4
E100001014648,ALPS Advisors Inc,E100001014623,Eagle Ford Pipeline LLC,4
E100001014681,Energy Income Partners LLC,E100001014623,Eagle Ford Pipeline LLC,4
E100001014689,Enterprise Products Co,E100001014623,Eagle Ford Pipeline LLC,4
E100001014866,Government of China,E100001014866,Government of China,4
E100001015106,Ministry of Petroleum (Iran),E100001011945,National Iranian Oil Refining And Distribution Co,4
E100001015106,Ministry of Petroleum (Iran),E100001015434,National Iranian Oil Engineering and Construction Co,4
E100001015278,ONEOK Inc,E100001016027,West Texas LPG Pipeline LP,4
E100001015278,ONEOK Inc,E100002004277,EnLink NGL Pipeline LP,4
E100001015587,small shareholder(s),E100001000348,BlackRock Inc,4
E100001015587,small shareholder(s),E100001014345,Compañía General de Combustibles SA,4
E100001015587,small shareholder(s),E100001014623,Eagle Ford Pipeline LLC,4
E100001015587,small shareholder(s),E100001015770,Permian Express Partners LLC,4
E100001015587,small shareholder(s),E100001016009,Vostok Oil LLC,4
E100001015587,small shareholder(s),E100001016027,West Texas LPG Pipeline LP,4
E100001015587,small shareholder(s),E100002004277,EnLink NGL Pipeline LP,4
E100001015833,Blackrock Advisors LLC,E100000000980,Repsol SA,4
E100001015833,Blackrock Advisors LLC,E100000001282,Phillips 66,4
E100001015833,Blackrock Advisors LLC,E100000152934,Genesis Energy LP,4
E100001015833,Blackrock Advisors LLC,E100001000348,BlackRock Inc,4
E100001015833,Blackrock Advisors LLC,E100001015770,Permian Express Partners LLC,4
E100001015833,Blackrock Advisors LLC,E100001016009,Vostok Oil LLC,4
E100001015833,Blackrock Advisors LLC,E100001016027,West Texas LPG Pipeline LP,4
E100001015833,Blackrock Advisors LLC,E100002004277,EnLink NGL Pipeline LP,4
E100001015850,Plains GP Holdings LP,E100001014623,Eagle Ford Pipeline LLC,4
E100001015852,Tortoise Capital Advisors LLC,E100001014623,Eagle Ford Pipeline LLC,4
E100001015988,BP Russian Investments Ltd,E100001016009,Vostok Oil LLC,4
E100001015989,QH Oil Investments LLC,E100001016009,Vostok Oil LLC,4
E100001015991,National Settlement Depository JSC,E100001016009,Vostok Oil LLC,4
E100001015992,RN-NeftKapitalInvest LLC,E100001016009,Vostok Oil LLC,4
E100001016010,Nord Axis Ltd,E100001016009,Vostok Oil LLC,4
E100001016645,T. Rowe Price Group Inc,E100001015770,Permian Express Partners LLC,4
E100001016771,Moscow Exchange MICEX-RTS PJSC,E100001016009,Vostok Oil LLC,4
E100002000989,State Development Corporation VEB.RF,E100001016009,Vostok Oil LLC,4
E100002001416,Sociedad Comercial del Plata SA,E100001014345,Compañía General de Combustibles SA,4
E100002001974,member/employee owned,E100001015770,Permian Express Partners LLC,4
E100002003009,Norges Bank,E100000000980,Repsol SA,4
E100002004538,Central Bank of the Russian Federation,E100001016009,Vostok Oil LLC,4
E100002004539,Sberbank PJSC,E100001016009,Vostok Oil LLC,4
E100002007653,Bp International Ltd,E100001016009,Vostok Oil LLC,4
E100002007660,J.P. Morgan Capital Holdings Ltd,E100001016009,Vostok Oil LLC,4
E100002016408,Ministry of Finance (Russia),E100001016009,Vostok Oil LLC,4
E100002018781,Mercantile & Maritime Energy Pte Ltd,E100001016009,Vostok Oil LLC,4
E100002019433,EIP EP LLC,E100001014623,Eagle Ford Pipeline LLC,4
E100002021868,ALPS holdings Inc,E100001014623,Eagle Ford Pipeline LLC,4
E100002022201,Tortoise Borrower LLC,E100001014623,Eagle Ford Pipeline LLC,4
E100000000027,OMV AG,E100001015944,Transalpine Pipeline Group,3
E100000000172,China National Offshore Oil Corp,E100000000172,China National Offshore Oil Corp,3
E100000000320,Ministry of Mines and Energy (Colombia),E100000002892,Ecopetrol SA,3
E100000000524,Oil and Natural Gas Corporation Ltd,E100000000523,ONGC Videsh Ltd,3
E100000000524,Oil and Natural Gas Corporation Ltd,E100000000524,Oil and Natural Gas Corporation Ltd,3
E100000000524,Oil and Natural Gas Corporation Ltd,E100000001917,Hindustan Petroleum Corporation Ltd,3
E100000000587,Europe Asia Pipeline Co,E100000000587,Europe Asia Pipeline Co,3
E100000000610,Eni SpA,E100001015944,Transalpine Pipeline Group,3
E100000000638,INPEX Corp,E100001016057,Sakhalin Oil and Gas Development Co Ltd,3
E100000000638,INPEX Corp,E100002008094,Japan Oil Development Co Ltd,3
E100000000645,Japan Petroleum Exploration Co,E100001016057,Sakhalin Oil and Gas Development Co Ltd,3
E100000000649,Marubeni Corp,E100001016057,Sakhalin Oil and Gas Development Co Ltd,3
E100000000669,National Company KazMunayGas JSC,E100000000669,National Company KazMunayGas JSC,3
E100000000669,National Company KazMunayGas JSC,E100001015204,Kazakhstan-China Pipeline LLP,3
E100000000671,Samruk-Kazyna SWF JSC,E100000000669,National Company KazMunayGas JSC,3
E100000000671,Samruk-Kazyna SWF JSC,E100001015204,Kazakhstan-China Pipeline LLP,3
E100000000746,Shell PLC,E100001015413,Rotterdam-Rijn Pijpleiding Maatschappij NV,3
E100000000746,Shell PLC,E100001015944,Transalpine Pipeline Group,3
E100000000839,Government of Qatar,E100000000874,Rosneft PJSC,3
E100000000839,Government of Qatar,E100001015368,Sakhalinmorneftegaz-Shelf JSC,3
E100000000839,Government of Qatar,E100001015944,Transalpine Pipeline Group,3
E100000000845,Qatar Investment Authority,E100000000874,Rosneft PJSC,3
E100000000845,Qatar Investment Authority,E100001015368,Sakhalinmorneftegaz-Shelf JSC,3
E100000000845,Qatar Investment Authority,E100001015944,Transalpine Pipeline Group,3
E100000000869,LUKOIL PJSC,E100001015257,Lukoil-KaliningradMorneft LLC,3
E100000000874,Rosneft PJSC,E100000000874,Rosneft PJSC,3
E100000000874,Rosneft PJSC,E100001015368,Sakhalinmorneftegaz-Shelf JSC,3
E100000000874,Rosneft PJSC,E100001015944,Transalpine Pipeline Group,3
E100000000998,Gunvor Group Ltd,E100001015944,Transalpine Pipeline Group,3
E100000001079,Abu Dhabi National Oil Co,E100001015944,Transalpine Pipeline Group,3
E100000001096,BP PLC,E100000000874,Rosneft PJSC,3
E100000001096,BP PLC,E100001015368,Sakhalinmorneftegaz-Shelf JSC,3
E100000001096,BP PLC,E100001015413,Rotterdam-Rijn Pijpleiding Maatschappij NV,3
E100000001096,BP PLC,E100001015944,Transalpine Pipeline Group,3
E100000001107,European Bank for Reconstruction and Development,E100000000874,Rosneft PJSC,3
E100000001107,European Bank for Reconstruction and Development,E100001015939,RN-Astra JSC,3
E100000001107,European Bank for Reconstruction and Development,E100001015944,Transalpine Pipeline Group,3
E100000001158,Blackstone Inc,E100001014626,Kinetik Holdings Inc,3
E100000001213,Exxon Mobil Corp,E100001015944,Transalpine Pipeline Group,3
E100000001237,ITOCHU Corp,E100001016057,Sakhalin Oil and Gas Development Co Ltd,3
E100000001254,Marathon Petroleum Corp,E100001014382,Capline Pipeline Company LLC,3
E100000001254,Marathon Petroleum Corp,E100001015312,Minnesota Pipe Line Co LLC,3
E100000001260,Morgan Stanley,E100001014626,Kinetik Holdings Inc,3
E100000001282,Phillips 66,E100001014300,Bluewater Texas Terminal LLC,3
E100000001282,Phillips 66,E100001015838,Phillips 66 Partners LP,3
E100000001282,Phillips 66,E100001015944,Transalpine Pipeline Group,3
E100000001321,Valero Energy Corp,E100001014324,Byhalia Pipeline LLC,3
E100000001321,Valero Energy Corp,E100001014581,Diamond Pipeline LLC,3
E100000001384,Ares Management Corp,E100001014616,EPIC Midstream Holdings LP,3
E100000001917,Hindustan Petroleum Corporation Ltd,E100000001917,Hindustan Petroleum Corporation Ltd,3
E100000001918,Indian Oil Corporation Ltd,E100000000523,ONGC Videsh Ltd,3
E100000001918,Indian Oil Corporation Ltd,E100000000524,Oil and Natural Gas Corporation Ltd,3
E100000001918,Indian Oil Corporation Ltd,E100000001917,Hindustan Petroleum Corporation Ltd,3
E100000002892,Ecopetrol SA,E100000002892,Ecopetrol SA,3
E100000121185,Rosneftegaz JSC,E100001015939,RN-Astra JSC,3
E100000121185,Rosneftegaz JSC,E100001015944,Transalpine Pipeline Group,3
E100000123261,natural person(s),E100001014324,Byhalia Pipeline LLC,3
E100000123261,natural person(s),E100001014382,Capline Pipeline Company LLC,3
E100000123261,natural person(s),E100001014581,Diamond Pipeline LLC,3
E100000123261,natural person(s),E100001014626,Kinetik Holdings Inc,3
E100000123261,natural person(s),E100001015944,Transalpine Pipeline Group,3
E100000123261,natural person(s),E100001015984,Tullow Oil PLC,3
E100000123261,natural person(s),E100001016057,Sakhalin Oil and Gas Development Co Ltd,3
E100000123261,natural person(s),E100002004418,INEOS FPS Ltd,3
E100000123261,natural person(s),E100002008094,Japan Oil Development Co Ltd,3
E100000133542,The Dai-ichi Life Insurance Co Ltd,E100001014626,Kinetik Holdings Inc,3
E100000133542,The Dai-ichi Life Insurance Co Ltd,E100001016057,Sakhalin Oil and Gas Development Co Ltd,3
E100000133542,The Dai-ichi Life Insurance Co Ltd,E100002008094,Japan Oil Development Co Ltd,3
E100000134222,Mizuho Financial Group Inc,E100001014626,Kinetik Holdings Inc,3
E100000134222,Mizuho Financial Group Inc,E100001016057,Sakhalin Oil and Gas Development Co Ltd,3
E100000134222,Mizuho Financial Group Inc,E100002008094,Japan Oil Development Co Ltd,3
E100000136108,State Street Bank and Trust Co,E100000000874,Rosneft PJSC,3
E100000136108,State Street Bank and Trust Co,E100001014626,Kinetik Holdings Inc,3
E100000136108,State Street Bank and Trust Co,E100001015368,Sakhalinmorneftegaz-Shelf JSC,3
E100000136108,State Street Bank and Trust Co,E100001015944,Transalpine Pipeline Group,3
E100000136108,State Street Bank and Trust Co,E100002008094,Japan Oil Development Co Ltd,3
E100000136276,Flint Hills Resources LP,E100001015312,Minnesota Pipe Line Co LLC,3
E100000139852,JPMorgan Chase Bank,E100001014283,Beach Energy Ltd,3
E100000153028,Oil India Ltd,E100000000523,ONGC Videsh Ltd,3
E100000153028,Oil India Ltd,E100000000524,Oil and Natural Gas Corporation Ltd,3
E100000153028,Oil India Ltd,E100000001917,Hindustan Petroleum Corporation Ltd,3
E100001000085,Government of Norway,E100000000980,Repsol SA,3
E100001000089,Canada Pension Plan Investment Board,E100001016079,Wolf Midstream Inc,3
E100001000094,Government of Russia,E100001015368,Sakhalinmorneftegaz-Shelf JSC,3
E100001000094,Government of Russia,E100001015944,Transalpine Pipeline Group,3
E100001000095,Emirate of Abu Dhabi (United Arab Emirates),E100001015944,Transalpine Pipeline Group,3
E100001000178,The Master Trust Bank of Japan Ltd,E100001014626,Kinetik Holdings Inc,3
E100001000178,The Master Trust Bank of Japan Ltd,E100001016057,Sakhalin Oil and Gas Development Co Ltd,3
E100001000178,The Master Trust Bank of Japan Ltd,E100002008094,Japan Oil Development Co Ltd,3
E100001000179,Custody Bank of Japan Ltd,E100001014626,Kinetik Holdings Inc,3
E100001000179,Custody Bank of Japan Ltd,E100001016057,Sakhalin Oil and Gas Development Co Ltd,3
E100001000179,Custody Bank of Japan Ltd,E100002008094,Japan Oil Development Co Ltd,3
E100001000197,Government of Kazakhstan,E100000000669,National Company KazMunayGas JSC,3
E100001000197,Government of Kazakhstan,E100001015204,Kazakhstan-China Pipeline LLP,3
E100001000270,Federal Agency for State Property Management (Russia),E100001015368,Sakhalinmorneftegaz-Shelf JSC,3
E100001000270,Federal Agency for State Property Management (Russia),E100001015944,Transalpine Pipeline Group,3
E100001000278,Government of Iraq,E100001014277,Basra Oil Co,3
E100001000284,Government of Israel,E100000000587,Europe Asia Pipeline Co,3
E100001000318,Government of Türkiye,E100001014253,BOTAŞ AŞ,3
E100001000330,Qatar Holding LLC,E100000000874,Rosneft PJSC,3
E100001000330,Qatar Holding LLC,E100001015368,Sakhalinmorneftegaz-Shelf JSC,3
E100001000330,Qatar Holding LLC,E100001015944,Transalpine Pipeline Group,3
E100001000346,Invesco Ltd,E100001015404,NGL Supply Wholesale LLC,3
E100001000348,BlackRock Inc,E100001014300,Bluewater Texas Terminal LLC,3
E100001000348,BlackRock Inc,E100001014324,Byhalia Pipeline LLC,3
E100001000348,BlackRock Inc,E100001014382,Capline Pipeline Company LLC,3
E100001000348,BlackRock Inc,E100001014581,Diamond Pipeline LLC,3
E100001000348,BlackRock Inc,E100001015312,Minnesota Pipe Line Co LLC,3
E100001000348,BlackRock Inc,E100001015368,Sakhalinmorneftegaz-Shelf JSC,3
E100001000348,BlackRock Inc,E100001015404,NGL Supply Wholesale LLC,3
E100001000348,BlackRock Inc,E100001015413,Rotterdam-Rijn Pijpleiding Maatschappij NV,3
E100001000348,BlackRock Inc,E100001015944,Transalpine Pipeline Group,3
E100001000348,BlackRock Inc,E100002008085,Overland Pass Pipeline Company LLC,3
E100001000382,Nippon Life Insurance Co,E100001014626,Kinetik Holdings Inc,3
E100001000382,Nippon Life Insurance Co,E100001016057,Sakhalin Oil and Gas Development Co Ltd,3
E100001000382,Nippon Life Insurance Co,E100002008094,Japan Oil Development Co Ltd,3
E100001000397,Government of India,E100000000523,ONGC Videsh Ltd,3
E100001000397,Government of India,E100000000524,Oil and Natural Gas Corporation Ltd,3
E100001000397,Government of India,E100000001917,Hindustan Petroleum Corporation Ltd,3
E100001000416,Gunvor Employee Shareplan Ltd,E100001015944,Transalpine Pipeline Group,3
E100001000520,Life Insurance Corporation of India Ltd,E100000000523,ONGC Videsh Ltd,3
E100001000520,Life Insurance Corporation of India Ltd,E100000000524,Oil and Natural Gas Corporation Ltd,3
E100001000520,Life Insurance Corporation of India Ltd,E100000001917,Hindustan Petroleum Corporation Ltd,3
E100001000615,Guaranty Nominees Ltd,E100000000874,Rosneft PJSC,3
E100001000615,Guaranty Nominees Ltd,E100001015368,Sakhalinmorneftegaz-Shelf JSC,3
E100001000615,Guaranty Nominees Ltd,E100001015413,Rotterdam-Rijn Pijpleiding Maatschappij NV,3
E100001000615,Guaranty Nominees Ltd,E100001015944,Transalpine Pipeline Group,3
E100001010042,Ministry of Finance (Kazakhstan),E100000000669,National Company KazMunayGas JSC,3
E100001010042,Ministry of Finance (Kazakhstan),E100001015204,Kazakhstan-China Pipeline LLP,3
E100001010516,Petróleos del Perú - PETROPERÚ SA,E100001010516,Petróleos del Perú - PETROPERÚ SA,3
E100001010517,Ministry of Energy and Mines (Peru),E100001010516,Petróleos del Perú - PETROPERÚ SA,3
E100001010518,Government of Peru,E100001010516,Petróleos del Perú - PETROPERÚ SA,3
E100001010595,The Vanguard Group Inc,E100000000980,Repsol SA,3
E100001010595,The Vanguard Group Inc,E100001014300,Bluewater Texas Terminal LLC,3
E100001010595,The Vanguard Group Inc,E100001014324,Byhalia Pipeline LLC,3
E100001010595,The Vanguard Group Inc,E100001014382,Capline Pipeline Company LLC,3
E100001010595,The Vanguard Group Inc,E100001014581,Diamond Pipeline LLC,3
E100001010595,The Vanguard Group Inc,E100001015312,Minnesota Pipe Line Co LLC,3
E100001010595,The Vanguard Group Inc,E100001015368,Sakhalinmorneftegaz-Shelf JSC,3
E100001010595,The Vanguard Group Inc,E100001015404,NGL Supply Wholesale LLC,3
E100001010595,The Vanguard Group Inc,E100001015413,Rotterdam-Rijn Pijpleiding Maatschappij NV,3
E100001010595,The Vanguard Group Inc,E100001015944,Transalpine Pipeline Group,3
E100001010595,The Vanguard Group Inc,E100002008085,Overland Pass Pipeline Company LLC,3
E100001010596,State Street Corp,E100000000874,Rosneft PJSC,3
E100001010596,State Street Corp,E100001014300,Bluewater Texas Terminal LLC,3
E100001010596,State Street Corp,E100001014324,Byhalia Pipeline LLC,3
E100001010596,State Street Corp,E100001014382,Capline Pipeline Company LLC,3
E100001010596,State Street Corp,E100001014581,Diamond Pipeline LLC,3
E100001010596,State Street Corp,E100001014626,Kinetik Holdings Inc,3
E100001010596,State Street Corp,E100001015312,Minnesota Pipe Line Co LLC,3
E100001010596,State Street Corp,E100001015368,Sakhalinmorneftegaz-Shelf JSC,3
E100001010596,State Street Corp,E100001015838,Phillips 66 Partners LP,3
E100001010596,State Street Corp,E100001015944,Transalpine Pipeline Group,3
E100001010596,State Street Corp,E100002008085,Overland Pass Pipeline Company LLC,3
E100001011136,Government of Japan,E100001016057,Sakhalin Oil and Gas Development Co Ltd,3
E100001011136,Government of Japan,E100002008094,Japan Oil Development Co Ltd,3
E100001011247,ConocoPhillips Corp,E100001015576,ConocoPhillips Norge Nuf,3
E100001011511,Österreichische Beteiligungs AG,E100001015944,Transalpine Pipeline Group,3
E100001011617,Meiji Yasuda Life Insurance Co,E100001014626,Kinetik Holdings Inc,3
E100001011617,Meiji Yasuda Life Insurance Co,E100001016057,Sakhalin Oil and Gas Development Co Ltd,3
E100001011617,Meiji Yasuda Life Insurance Co,E100002008094,Japan Oil Development Co Ltd,3
E100001013560,Cassa Depositi e Prestiti SpA,E100001015944,Transalpine Pipeline Group,3
E100001014140,Ares Partners Holdco LLC,E100001014616,EPIC Midstream Holdings LP,3
E100001014253,BOTAŞ AŞ,E100001014253,BOTAŞ AŞ,3
E100001014277,Basra Oil Co,E100001014277,Basra Oil Co,3
E100001014283,Beach Energy Ltd,E100001014283,Beach Energy Ltd,3
E100001014284,Network Investment Holdings Pty Ltd,E100001014283,Beach Energy Ltd,3
E100001014325,Plains All American Pipeline LP,E100001014324,Byhalia Pipeline LLC,3
E100001014325,Plains All American Pipeline LP,E100001014382,Capline Pipeline Company LLC,3
E100001014325,Plains All American Pipeline LP,E100001014581,Diamond Pipeline LLC,3
E100001014359,Government of Canada,E100001016079,Wolf Midstream Inc,3
E100001014365,BlackRock Global Energy & Power Infrastructure Fund I LP,E100001014364,Caliber Midstream Partners LP,3
E100001014366,Triangle Petroleum Corp,E100001014364,Caliber Midstream Partners LP,3
E100001014383,BP Oil Pipeline Co,E100001014382,Capline Pipeline Company LLC,3
E100001014536,ARB Midstream LLC,E100001014535,DJ South Gathering LLC,3
E100001014626,Kinetik Holdings Inc,E100001014626,Kinetik Holdings Inc,3
E100001014648,ALPS Advisors Inc,E100001014324,Byhalia Pipeline LLC,3
E100001014648,ALPS Advisors Inc,E100001014382,Capline Pipeline Company LLC,3
E100001014648,ALPS Advisors Inc,E100001014581,Diamond Pipeline LLC,3
E100001014648,ALPS Advisors Inc,E100001015404,NGL Supply Wholesale LLC,3
E100001014681,Energy Income Partners LLC,E100001014324,Byhalia Pipeline LLC,3
E100001014681,Energy Income Partners LLC,E100001014382,Capline Pipeline Company LLC,3
E100001014681,Energy Income Partners LLC,E100001014581,Diamond Pipeline LLC,3
E100001014841,Williams Companies Inc,E100002008085,Overland Pass Pipeline Company LLC,3
E100001014874,NGL Energy Partners LP,E100001015404,NGL Supply Wholesale LLC,3
E100001015051,"Ministry of Economy, Trade & Industry (Japan)",E100001016057,Sakhalin Oil and Gas Development Co Ltd,3
E100001015051,"Ministry of Economy, Trade & Industry (Japan)",E100002008094,Japan Oil Development Co Ltd,3
E100001015054,MPLX LP,E100001015312,Minnesota Pipe Line Co LLC,3
E100001015201,National Bank of Kazakhstan,E100000000669,National Company KazMunayGas JSC,3
E100001015201,National Bank of Kazakhstan,E100001015204,Kazakhstan-China Pipeline LLP,3
E100001015202,KazTransOil JSC,E100001015204,Kazakhstan-China Pipeline LLP,3
E100001015205,China National Oil and Gas Exploration and Development Corp,E100001015204,Kazakhstan-China Pipeline LLP,3
E100001015278,ONEOK Inc,E100002008085,Overland Pass Pipeline Company LLC,3
E100001015313,TROF Inc,E100001015312,Minnesota Pipe Line Co LLC,3
E100001015344,ISQ Global Fund II GP LLC,E100001014626,Kinetik Holdings Inc,3
E100001015391,SGH Ltd,E100001014283,Beach Energy Ltd,3
E100001015587,small shareholder(s),E100000000524,Oil and Natural Gas Corporation Ltd,3
E100001015587,small shareholder(s),E100000000980,Repsol SA,3
E100001015587,small shareholder(s),E100000001282,Phillips 66,3
E100001015587,small shareholder(s),E100000001917,Hindustan Petroleum Corporation Ltd,3
E100001015587,small shareholder(s),E100000002892,Ecopetrol SA,3
E100001015587,small shareholder(s),E100001014300,Bluewater Texas Terminal LLC,3
E100001015587,small shareholder(s),E100001014324,Byhalia Pipeline LLC,3
E100001015587,small shareholder(s),E100001014382,Capline Pipeline Company LLC,3
E100001015587,small shareholder(s),E100001014581,Diamond Pipeline LLC,3
E100001015587,small shareholder(s),E100001015128,Jadranski Naftovod dd,3
E100001015587,small shareholder(s),E100001015204,Kazakhstan-China Pipeline LLP,3
E100001015587,small shareholder(s),E100001015257,Lukoil-KaliningradMorneft LLC,3
E100001015587,small shareholder(s),E100001015312,Minnesota Pipe Line Co LLC,3
E100001015587,small shareholder(s),E100001015404,NGL Supply Wholesale LLC,3
E100001015587,small shareholder(s),E100001015413,Rotterdam-Rijn Pijpleiding Maatschappij NV,3
E100001015587,small shareholder(s),E100001015944,Transalpine Pipeline Group,3
E100001015587,small shareholder(s),E100001016057,Sakhalin Oil and Gas Development Co Ltd,3
E100001015587,small shareholder(s),E100002008085,Overland Pass Pipeline Company LLC,3
E100001015832,Vanguard Fiduciary Trust Co,E100001014626,Kinetik Holdings Inc,3
E100001015833,Blackrock Advisors LLC,E100001014300,Bluewater Texas Terminal LLC,3
E100001015833,Blackrock Advisors LLC,E100001014324,Byhalia Pipeline LLC,3
E100001015833,Blackrock Advisors LLC,E100001014382,Capline Pipeline Company LLC,3
E100001015833,Blackrock Advisors LLC,E100001014581,Diamond Pipeline LLC,3
E100001015833,Blackrock Advisors LLC,E100001014626,Kinetik Holdings Inc,3
E100001015833,Blackrock Advisors LLC,E100001015312,Minnesota Pipe Line Co LLC,3
E100001015833,Blackrock Advisors LLC,E100001015368,Sakhalinmorneftegaz-Shelf JSC,3
E100001015833,Blackrock Advisors LLC,E100001015404,NGL Supply Wholesale LLC,3
E100001015833,Blackrock Advisors LLC,E100001015413,Rotterdam-Rijn Pijpleiding Maatschappij NV,3
E100001015833,Blackrock Advisors LLC,E100001015944,Transalpine Pipeline Group,3
E100001015833,Blackrock Advisors LLC,E100002008085,Overland Pass Pipeline Company LLC,3
E100001015850,Plains GP Holdings LP,E100001014324,Byhalia Pipeline LLC,3
E100001015850,Plains GP Holdings LP,E100001014382,Capline Pipeline Company LLC,3
E100001015850,Plains GP Holdings LP,E100001014581,Diamond Pipeline LLC,3
E100001015852,Tortoise Capital Advisors LLC,E100001014324,Byhalia Pipeline LLC,3
E100001015852,Tortoise Capital Advisors LLC,E100001014382,Capline Pipeline Company LLC,3
E100001015852,Tortoise Capital Advisors LLC,E100001014581,Diamond Pipeline LLC,3
E100001015881,Cresta Fund Management LLC,E100001015879,Texas Gulflink LLC,3
E100001015984,Tullow Oil PLC,E100001015984,Tullow Oil PLC,3
E100001015987,AzValor Asset Management SGIIC SA,E100001015984,Tullow Oil PLC,3
E100001015988,BP Russian Investments Ltd,E100000000874,Rosneft PJSC,3
E100001015988,BP Russian Investments Ltd,E100001015368,Sakhalinmorneftegaz-Shelf JSC,3
E100001015988,BP Russian Investments Ltd,E100001015944,Transalpine Pipeline Group,3
E100001015989,QH Oil Investments LLC,E100000000874,Rosneft PJSC,3
E100001015989,QH Oil Investments LLC,E100001015368,Sakhalinmorneftegaz-Shelf JSC,3
E100001015989,QH Oil Investments LLC,E100001015944,Transalpine Pipeline Group,3
E100001015991,National Settlement Depository JSC,E100000000874,Rosneft PJSC,3
E100001015991,National Settlement Depository JSC,E100001015939,RN-Astra JSC,3
E100001015991,National Settlement Depository JSC,E100001015944,Transalpine Pipeline Group,3
E100001015992,RN-NeftKapitalInvest LLC,E100000000874,Rosneft PJSC,3
E100001015992,RN-NeftKapitalInvest LLC,E100001015368,Sakhalinmorneftegaz-Shelf JSC,3
E100001015992,RN-NeftKapitalInvest LLC,E100001015944,Transalpine Pipeline Group,3
E100001016125,Mitsubishi UFJ Trust and Banking Corp,E100001014626,Kinetik Holdings Inc,3
E100001016125,Mitsubishi UFJ Trust and Banking Corp,E100001016057,Sakhalin Oil and Gas Development Co Ltd,3
E100001016125,Mitsubishi UFJ Trust and Banking Corp,E100002008094,Japan Oil Development Co Ltd,3
E100001016126,The Norinchukin Trust & Banking Co Ltd,E100001014626,Kinetik Holdings Inc,3
E100001016126,The Norinchukin Trust & Banking Co Ltd,E100001016057,Sakhalin Oil and Gas Development Co Ltd,3
E100001016126,The Norinchukin Trust & Banking Co Ltd,E100002008094,Japan Oil Development Co Ltd,3
E100001016127,BNYM AS AGT/ CLTS 10 Percent,E100001016057,Sakhalin Oil and Gas Development Co Ltd,3
E100001016255,Sumitomo Mitsui Trust Group,E100001014626,Kinetik Holdings Inc,3
E100001016255,Sumitomo Mitsui Trust Group,E100001016057,Sakhalin Oil and Gas Development Co Ltd,3
E100001016255,Sumitomo Mitsui Trust Group,E100002008094,Japan Oil Development Co Ltd,3
E100001016256,Resona Bank Ltd,E100001014626,Kinetik Holdings Inc,3
E100001016256,Resona Bank Ltd,E100001016057,Sakhalin Oil and Gas Development Co Ltd,3
E100001016256,Resona Bank Ltd,E100002008094,Japan Oil Development Co Ltd,3
E100001016257,Asahi Mutual Life Insurance Co,E100001014626,Kinetik Holdings Inc,3
E100001016257,Asahi Mutual Life Insurance Co,E100001016057,Sakhalin Oil and Gas Development Co Ltd,3
E100001016257,Asahi Mutual Life Insurance Co,E100002008094,Japan Oil Development Co Ltd,3
E100001016492,Norinchukin Bank,E100001014626,Kinetik Holdings Inc,3
E100001016492,Norinchukin Bank,E100001016057,Sakhalin Oil and Gas Development Co Ltd,3
E100001016492,Norinchukin Bank,E100002008094,Japan Oil Development Co Ltd,3
E100001016498,Mitsubishi UFJ Financial Group Inc,E100001014626,Kinetik Holdings Inc,3
E100001016498,Mitsubishi UFJ Financial Group Inc,E100001016057,Sakhalin Oil and Gas Development Co Ltd,3
E100001016498,Mitsubishi UFJ Financial Group Inc,E100002008094,Japan Oil Development Co Ltd,3
E100001016677,Government of Italy,E100001015944,Transalpine Pipeline Group,3
E100001016771,Moscow Exchange MICEX-RTS PJSC,E100000000874,Rosneft PJSC,3
E100001016771,Moscow Exchange MICEX-RTS PJSC,E100001015939,RN-Astra JSC,3
E100001016771,Moscow Exchange MICEX-RTS PJSC,E100001015944,Transalpine Pipeline Group,3
E100002000914,INEOS Industries Ltd,E100002004418,INEOS FPS Ltd,3
E100002000989,State Development Corporation VEB.RF,E100000000874,Rosneft PJSC,3
E100002000989,State Development Corporation VEB.RF,E100001015939,RN-Astra JSC,3
E100002000989,State Development Corporation VEB.RF,E100001015944,Transalpine Pipeline Group,3
E100002001359,RWC Asset Management LLP,E100001015984,Tullow Oil PLC,3
E100002001974,member/employee owned,E100001014626,Kinetik Holdings Inc,3
E100002001974,member/employee owned,E100001016057,Sakhalin Oil and Gas Development Co Ltd,3
E100002001974,member/employee owned,E100002008094,Japan Oil Development Co Ltd,3
E100002004538,Central Bank of the Russian Federation,E100000000874,Rosneft PJSC,3
E100002004538,Central Bank of the Russian Federation,E100001015939,RN-Astra JSC,3
E100002004538,Central Bank of the Russian Federation,E100001015944,Transalpine Pipeline Group,3
E100002004539,Sberbank PJSC,E100000000874,Rosneft PJSC,3
E100002004539,Sberbank PJSC,E100001015939,RN-Astra JSC,3
E100002004539,Sberbank PJSC,E100001015944,Transalpine Pipeline Group,3
E100002004739,Farringford Foundation,E100001014300,Bluewater Texas Terminal LLC,3
E100002007653,Bp International Ltd,E100000000874,Rosneft PJSC,3
E100002007653,Bp International Ltd,E100001015939,RN-Astra JSC,3
E100002007653,Bp International Ltd,E100001015944,Transalpine Pipeline Group,3
E100002007660,J.P. Morgan Capital Holdings Ltd,E100000000874,Rosneft PJSC,3
E100002007660,J.P. Morgan Capital Holdings Ltd,E100001015368,Sakhalinmorneftegaz-Shelf JSC,3
E100002007660,J.P. Morgan Capital Holdings Ltd,E100001015413,Rotterdam-Rijn Pijpleiding Maatschappij NV,3
E100002007660,J.P. Morgan Capital Holdings Ltd,E100001015944,Transalpine Pipeline Group,3
E100002007863,Government of Austria,E100001015944,Transalpine Pipeline Group,3
E100002011285,Resonac Holdings Corp,E100001014626,Kinetik Holdings Inc,3
E100002011285,Resonac Holdings Corp,E100001016057,Sakhalin Oil and Gas Development Co Ltd,3
E100002011285,Resonac Holdings Corp,E100002008094,Japan Oil Development Co Ltd,3
E100002011707,Sable Offshore Corp,E100002011705,Pacific Pipeline Co,3
E100002016408,Ministry of Finance (Russia),E100000000874,Rosneft PJSC,3
E100002016408,Ministry of Finance (Russia),E100001015939,RN-Astra JSC,3
E100002016408,Ministry of Finance (Russia),E100001015944,Transalpine Pipeline Group,3
E100002017432,OppenheimerFunds Inc,E100001015404,NGL Supply Wholesale LLC,3
E100002019433,EIP EP LLC,E100001014324,Byhalia Pipeline LLC,3
E100002019433,EIP EP LLC,E100001014382,Capline Pipeline Company LLC,3
E100002019433,EIP EP LLC,E100001014581,Diamond Pipeline LLC,3
E100002020048,North Aston Pty Ltd,E100001014283,Beach Energy Ltd,3
E100002020049,Ashblue Holdings Pty Ltd,E100001014283,Beach Energy Ltd,3
E100002021518,I Squared Capital LLC,E100001014626,Kinetik Holdings Inc,3
E100002021868,ALPS holdings Inc,E100001014324,Byhalia Pipeline LLC,3
E100002021868,ALPS holdings Inc,E100001014382,Capline Pipeline Company LLC,3
E100002021868,ALPS holdings Inc,E100001014581,Diamond Pipeline LLC,3
E100002021868,ALPS holdings Inc,E100001015404,NGL Supply Wholesale LLC,3
E100002022061,Massachusetts Mutual Life Insurance Co,E100001015404,NGL Supply Wholesale LLC,3
E100002022062,Trian Fund Management LP,E100001015404,NGL Supply Wholesale LLC,3
E100002022201,Tortoise Borrower LLC,E100001014324,Byhalia Pipeline LLC,3
E100002022201,Tortoise Borrower LLC,E100001014382,Capline Pipeline Company LLC,3
E100002022201,Tortoise Borrower LLC,E100001014581,Diamond Pipeline LLC,3
E100002022203,Dai-ichi Life Holdings Inc,E100001014626,Kinetik Holdings Inc,3
E100002022203,Dai-ichi Life Holdings Inc,E100001016057,Sakhalin Oil and Gas Development Co Ltd,3
E100002022203,Dai-ichi Life Holdings Inc,E100002008094,Japan Oil Development Co Ltd,3
E100000000004,Sonangol EP,E100001015721,Sonangol Pesquisa e Produção SA,2
E100000000013,YPF SA,E100002007876,Vaca Muerta Oleoducto Sur SA,2
E100000000015,BHP Group Ltd,E100000000015,BHP Group Ltd,2
E100000000034,State Oil Company of Azerbaijan Republic,E100001014222,Azerbaijan International Operating Co,2
E100000000112,Enbridge Inc,E100001014361,Cactus II Pipeline LLC,2
E100000000112,Enbridge Inc,E100001015877,Texas Eastern Transmission LP,2
E100000000112,Enbridge Inc,E100001015878,Texas Express Pipeline LLC,2
E100000000145,Antarchile SA,E100002004498,Sociedad Nacional de Oleoductos SA,2
E100000000173,China Petrochemical Corp,E100000000173,China Petrochemical Corp,2
E100000000173,China Petrochemical Corp,E100001014421,Chaoyang Petroleum (BVI) Ltd,2
E100000000173,China Petrochemical Corp,E100001015281,Mansarovar Energy Colombia Ltd,2
E100000000245,PetroChina Co Ltd,E100001014571,Daqing Oilfield Co Ltd,2
E100000000320,Ministry of Mines and Energy (Colombia),E100001015012,Hocol SA,2
E100000000329,Cuba Petróleo SA,E100000000329,Cuba Petróleo SA,2
E100000000387,TotalEnergies SE,E100002005155,North Oil Company,2
E100000000391,Georgian Oil and Gas Corporation JSC,E100000000391,Georgian Oil and Gas Corporation JSC,2
E100000000395,BASF SE,E100001016077,Wintershall Dea Norge AS,2
E100000000505,MOL Magyar Olajes Gazipari Nyrt,E100001014222,Azerbaijan International Operating Co,2
E100000000509,Bharat Petroleum Corporation Ltd,E100000000509,Bharat Petroleum Corporation Ltd,2
E100000000513,GAIL Ltd,E100000000513,GAIL Ltd,2
E100000000538,PT Pertamina (Persero) PT,E100000000538,PT Pertamina (Persero) PT,2
E100000000610,Eni SpA,E100001012563,Vår Energi AS,2
E100000000610,Eni SpA,E100001014683,Eni International (N.A.) NV SARL,2
E100000000638,INPEX Corp,E100001014222,Azerbaijan International Operating Co,2
E100000000669,National Company KazMunayGas JSC,E100001015340,MunayTas North-West Pipeline Company LLP,2
E100000000671,Samruk-Kazyna SWF JSC,E100001015340,MunayTas North-West Pipeline Company LLP,2
E100000000676,Kuwait Investment Authority,E100001014132,Arab Petroleum Pipelines Co,2
E100000000684,Achemos Grupe,E100001015374,KN Energies AB,2
E100000000746,Shell PLC,E100001013986,Norske Shell A/S,2
E100000000746,Shell PLC,E100001014097,Amberjack Pipeline Co LLC,2
E100000000746,Shell PLC,E100001015564,Nord-West Oelleitung GmbH,2
E100000000746,Shell PLC,E100001015883,Thai Petroleum Pipeline Co Ltd,2
E100000000746,Shell PLC,E100001015993,Rosneft-Shell Caspian Ventures Ltd,2
E100000000746,Shell PLC,E100002007876,Vaca Muerta Oleoducto Sur SA,2
E100000000766,Equinor ASA,E100000000766,Equinor ASA,2
E100000000777,Government of Oman,E100001015203,Kazakhstan Pipeline Ventures LLC,2
E100000000781,OQ SAOC,E100001015203,Kazakhstan Pipeline Ventures LLC,2
E100000000839,Government of Qatar,E100001014132,Arab Petroleum Pipelines Co,2
E100000000839,Government of Qatar,E100001015564,Nord-West Oelleitung GmbH,2
E100000000839,Government of Qatar,E100001015662,Oryx Midstream Services LLC,2
E100000000839,Government of Qatar,E100001015993,Rosneft-Shell Caspian Ventures Ltd,2
E100000000839,Government of Qatar,E100002005155,North Oil Company,2
E100000000845,Qatar Investment Authority,E100001015564,Nord-West Oelleitung GmbH,2
E100000000845,Qatar Investment Authority,E100001015662,Oryx Midstream Services LLC,2
E100000000845,Qatar Investment Authority,E100001015993,Rosneft-Shell Caspian Ventures Ltd,2
E100000000846,QatarEnergy,E100001014132,Arab Petroleum Pipelines Co,2
E100000000846,QatarEnergy,E100002005155,North Oil Company,2
E100000000869,LUKOIL PJSC,E100002004331,LukArco BV,2
E100000000874,Rosneft PJSC,E100001015564,Nord-West Oelleitung GmbH,2
E100000000874,Rosneft PJSC,E100001015993,Rosneft-Shell Caspian Ventures Ltd,2
E100000000888,Saudi Arabian Oil Co,E100001014132,Arab Petroleum Pipelines Co,2
E100000000943,IMM Investment Corp,E100001015878,Texas Express Pipeline LLC,2
E100000000953,POSCO Holdings Inc,E100001015388,Senex Energy Pty Ltd,2
E100000001010,CPC Corporation Taiwan,E100000001010,CPC Corporation Taiwan,2
E100000001035,PTT PCL,E100001015883,Thai Petroleum Pipeline Co Ltd,2
E100000001086,Mubadala Investment Company PJSC,E100001014132,Arab Petroleum Pipelines Co,2
E100000001096,BP PLC,E100000001096,BP PLC,2
E100000001096,BP PLC,E100000001764,Pan American Energy SL,2
E100000001096,BP PLC,E100001014067,Aker BP ASA,2
E100000001096,BP PLC,E100001014222,Azerbaijan International Operating Co,2
E100000001096,BP PLC,E100001015564,Nord-West Oelleitung GmbH,2
E100000001096,BP PLC,E100001015993,Rosneft-Shell Caspian Ventures Ltd,2
E100000001107,European Bank for Reconstruction and Development,E100001015564,Nord-West Oelleitung GmbH,2
E100000001107,European Bank for Reconstruction and Development,E100001015993,Rosneft-Shell Caspian Ventures Ltd,2
E100000001155,Berkshire Hathaway Inc,E100001014097,Amberjack Pipeline Co LLC,2
E100000001155,Berkshire Hathaway Inc,E100001014438,Chevron Caspian Pipeline Consortium Co,2
E100000001155,Berkshire Hathaway Inc,E100001014764,Front Range Pipeline LLC,2
E100000001155,Berkshire Hathaway Inc,E100001015878,Texas Express Pipeline LLC,2
E100000001155,Berkshire Hathaway Inc,E100002007876,Vaca Muerta Oleoducto Sur SA,2
E100000001177,CenterPoint Energy Inc,E100001014293,Blue Marlin Offshore Port LLC,2
E100000001177,CenterPoint Energy Inc,E100001014398,Centurion Pipeline LP,2
E100000001177,CenterPoint Energy Inc,E100001014556,Dakota Access LLC,2
E100000001177,CenterPoint Energy Inc,E100001015599,Sunoco LP,2
E100000001179,Chevron Corp,E100001014097,Amberjack Pipeline Co LLC,2
E100000001179,Chevron Corp,E100001014438,Chevron Caspian Pipeline Consortium Co,2
E100000001179,Chevron Corp,E100002007876,Vaca Muerta Oleoducto Sur SA,2
E100000001193,Dominion Energy Inc,E100000001193,Dominion Energy Inc,2
E100000001213,Exxon Mobil Corp,E100001014222,Azerbaijan International Operating Co,2
E100000001213,Exxon Mobil Corp,E100001014700,Esso Australia Resources Pty Ltd,2
E100000001213,Exxon Mobil Corp,E100001014728,ExxonMobil Pipeline Co,2
E100000001213,Exxon Mobil Corp,E100001015326,Mobil Caspian Pipeline Co,2
E100000001245,Kinder Morgan Inc,E100000001245,Kinder Morgan Inc,2
E100000001245,Kinder Morgan Inc,E100001014603,Double Eagle Pipeline LLC,2
E100000001245,Kinder Morgan Inc,E100001014605,Kinder Morgan Energy Partners LP,2
E100000001254,Marathon Petroleum Corp,E100002001364,BANGL LLC,2
E100000001270,Occidental Petroleum Corp,E100001014764,Front Range Pipeline LLC,2
E100000001270,Occidental Petroleum Corp,E100001015878,Texas Express Pipeline LLC,2
E100000001282,Phillips 66,E100001014556,Dakota Access LLC,2
E100000001282,Phillips 66,E100001014764,Front Range Pipeline LLC,2
E100000001282,Phillips 66,E100001016058,STACK Pipeline LLC,2
E100000001299,Stonepeak Partners LP,E100001015662,Oryx Midstream Services LLC,2
E100000001534,JPMorgan Chase & Co Corp,E100001014283,Beach Energy Ltd,2
E100000001763,Pampa Energia SA,E100002007876,Vaca Muerta Oleoducto Sur SA,2
E100000001835,Empresa Nacional del Petróleo,E100002004498,Sociedad Nacional de Oleoductos SA,2
E100000001860,Egyptian General Petroleum Corp,E100001014132,Arab Petroleum Pipelines Co,2
E100000002129,Electricity Generating Authority of Thailand,E100001015882,Thai Pipeline Network Co Ltd,2
E100000002130,Electricity Generating PCL,E100001015882,Thai Pipeline Network Co Ltd,2
E100000002134,Thai Oil PCL,E100001015883,Thai Petroleum Pipeline Co Ltd,2
E100000002892,Ecopetrol SA,E100001015012,Hocol SA,2
E100000121185,Rosneftegaz JSC,E100000000874,Rosneft PJSC,2
E100000121185,Rosneftegaz JSC,E100001015564,Nord-West Oelleitung GmbH,2
E100000121185,Rosneftegaz JSC,E100001015993,Rosneft-Shell Caspian Ventures Ltd,2
E100000123261,natural person(s),E100000001245,Kinder Morgan Inc,2
E100000123261,natural person(s),E100001014222,Azerbaijan International Operating Co,2
E100000123261,natural person(s),E100001014293,Blue Marlin Offshore Port LLC,2
E100000123261,natural person(s),E100001014361,Cactus II Pipeline LLC,2
E100000123261,natural person(s),E100001014398,Centurion Pipeline LP,2
E100000123261,natural person(s),E100001014423,Chaparral Pipeline Company LLC,2
E100000123261,natural person(s),E100001014556,Dakota Access LLC,2
E100000123261,natural person(s),E100001014603,Double Eagle Pipeline LLC,2
E100000123261,natural person(s),E100001014605,Kinder Morgan Energy Partners LP,2
E100000123261,natural person(s),E100001014616,EPIC Midstream Holdings LP,2
E100000123261,natural person(s),E100001014764,Front Range Pipeline LLC,2
E100000123261,natural person(s),E100001015374,KN Energies AB,2
E100000123261,natural person(s),E100001015388,Senex Energy Pty Ltd,2
E100000123261,natural person(s),E100001015599,Sunoco LP,2
E100000123261,natural person(s),E100001015662,Oryx Midstream Services LLC,2
E100000123261,natural person(s),E100001015808,PetroNeft Resources PLC,2
E100000123261,natural person(s),E100001015878,Texas Express Pipeline LLC,2
E100000123261,natural person(s),E100001015882,Thai Pipeline Network Co Ltd,2
E100000123261,natural person(s),E100001015948,Red River Pipeline Co LLC,2
E100000123261,natural person(s),E100001016058,STACK Pipeline LLC,2
E100000123261,natural person(s),E100001016065,Saddlehorn Pipeline Company LLC,2
E100000123261,natural person(s),E100001016077,Wintershall Dea Norge AS,2
E100000123261,natural person(s),E100002001364,BANGL LLC,2
E100000123261,natural person(s),E100002004319,Leveret Pipeline Company LLC,2
E100000123261,natural person(s),E100002004498,Sociedad Nacional de Oleoductos SA,2
E100000123261,natural person(s),E100002007876,Vaca Muerta Oleoducto Sur SA,2
E100000124164,North Huajin Chemical Industries Co Ltd,E100000124164,North Huajin Chemical Industries Co Ltd,2
E100000124453,Shandong Caixin Asset Operation Co Ltd,E100000126880,Dongying UNITED Petroleum Chemical Co Ltd,2
E100000124585,Shandong Guohui Investment Co Ltd,E100000126880,Dongying UNITED Petroleum Chemical Co Ltd,2
E100000125246,Sinochem Holdings Corp Ltd,E100000126529,Hongrun Petrochemical Co Ltd,2
E100000130627,"Dong Huayou (the equity was pledged on January 30, 2011. Pledgee: Sinochem Corporation)",E100000126529,Hongrun Petrochemical Co Ltd,2
E100000132388,unknown,E100000126529,Hongrun Petrochemical Co Ltd,2
E100000132388,unknown,E100001014367,Cameron Highway Oil Pipeline Company LLC,2
E100000132388,unknown,E100001014571,Daqing Oilfield Co Ltd,2
E100000132388,unknown,E100001015865,Pluspetrol Resources Corporation BV,2
E100000133542,The Dai-ichi Life Insurance Co Ltd,E100001014222,Azerbaijan International Operating Co,2
E100000134222,Mizuho Financial Group Inc,E100001014222,Azerbaijan International Operating Co,2
E100000134810,Power Solution Technologies PCL,E100001015882,Thai Pipeline Network Co Ltd,2
E100000135826,Citigroup Inc,E100000000015,BHP Group Ltd,2
E100000135826,Citigroup Inc,E100001014283,Beach Energy Ltd,2
E100000136108,State Street Bank and Trust Co,E100001014222,Azerbaijan International Operating Co,2
E100000136108,State Street Bank and Trust Co,E100001015564,Nord-West Oelleitung GmbH,2
E100000136108,State Street Bank and Trust Co,E100001015993,Rosneft-Shell Caspian Ventures Ltd,2
E100000152934,Genesis Energy LP,E100001014367,Cameron Highway Oil Pipeline Company LLC,2
E100000153028,Oil India Ltd,E100000153028,Oil India Ltd,2
E100000153028,Oil India Ltd,E100001014539,Numaligarh Refinery Ltd,2
E100000180733,China National Petroleum Corp,E100001014571,Daqing Oilfield Co Ltd,2
E100000181249,Citibank National Association,E100000000015,BHP Group Ltd,2
E100000181249,Citibank National Association,E100001014283,Beach Energy Ltd,2
E100000189189,Cnooc International,E100000001764,Pan American Energy SL,2
E100000192363,Sinopec,E100001014571,Daqing Oilfield Co Ltd,2
E100000192367,Sinopec Corp,E100001014571,Daqing Oilfield Co Ltd,2
E100000192528,CITIC Securities,E100001014571,Daqing Oilfield Co Ltd,2
E100001000084,Government of Indonesia,E100000000538,PT Pertamina (Persero) PT,2
E100001000094,Government of Russia,E100001015564,Nord-West Oelleitung GmbH,2
E100001000095,Emirate of Abu Dhabi (United Arab Emirates),E100001014132,Arab Petroleum Pipelines Co,2
E100001000099,Government of Sri Lanka,E100001014401,Ceylon Petroleum Corp,2
E100001000100,Government of Bangladesh,E100001014273,Bangladesh Petroleum Corporation Corp,2
E100001000147,Ministry of Petroleum and Mineral Resources (Egypt),E100001014132,Arab Petroleum Pipelines Co,2
E100001000148,Government of Egypt,E100001014132,Arab Petroleum Pipelines Co,2
E100001000153,Government of Thailand,E100001015882,Thai Pipeline Network Co Ltd,2
E100001000178,The Master Trust Bank of Japan Ltd,E100001014222,Azerbaijan International Operating Co,2
E100001000179,Custody Bank of Japan Ltd,E100001014222,Azerbaijan International Operating Co,2
E100001000197,Government of Kazakhstan,E100001015340,MunayTas North-West Pipeline Company LLP,2
E100001000198,Government of Saudi Arabia,E100001014132,Arab Petroleum Pipelines Co,2
E100001000209,Government of Bahrain,E100001014258,Bahrain Petroleum Co,2
E100001000210,Government of Kuwait,E100001015355,Kuwait Gulf Oil Company KSC,2
E100001000250,Government of Azerbaijan,E100001014222,Azerbaijan International Operating Co,2
E100001000257,Government of Kurdistan Region,E100001000257,Government of Kurdistan Region,2
E100001000264,Government of Hungary,E100001014222,Azerbaijan International Operating Co,2
E100001000267,Government of Georgia,E100000000391,Georgian Oil and Gas Corporation JSC,2
E100001000270,Federal Agency for State Property Management (Russia),E100000000874,Rosneft PJSC,2
E100001000270,Federal Agency for State Property Management (Russia),E100001015564,Nord-West Oelleitung GmbH,2
E100001000270,Federal Agency for State Property Management (Russia),E100001015993,Rosneft-Shell Caspian Ventures Ltd,2
E100001000328,HKSCC Nominees Ltd,E100001014571,Daqing Oilfield Co Ltd,2
E100001000330,Qatar Holding LLC,E100001015564,Nord-West Oelleitung GmbH,2
E100001000330,Qatar Holding LLC,E100001015993,Rosneft-Shell Caspian Ventures Ltd,2
E100001000346,Invesco Ltd,E100001014367,Cameron Highway Oil Pipeline Company LLC,2
E100001000346,Invesco Ltd,E100001014764,Front Range Pipeline LLC,2
E100001000348,BlackRock Inc,E100000000015,BHP Group Ltd,2
E100001000348,BlackRock Inc,E100000000874,Rosneft PJSC,2
E100001000348,BlackRock Inc,E100000001096,BP PLC,2
E100001000348,BlackRock Inc,E100000001193,Dominion Energy Inc,2
E100001000348,BlackRock Inc,E100000001245,Kinder Morgan Inc,2
E100001000348,BlackRock Inc,E100000001764,Pan American Energy SL,2
E100001000348,BlackRock Inc,E100001014097,Amberjack Pipeline Co LLC,2
E100001000348,BlackRock Inc,E100001014128,Apache Corp,2
E100001000348,BlackRock Inc,E100001014222,Azerbaijan International Operating Co,2
E100001000348,BlackRock Inc,E100001014293,Blue Marlin Offshore Port LLC,2
E100001000348,BlackRock Inc,E100001014367,Cameron Highway Oil Pipeline Company LLC,2
E100001000348,BlackRock Inc,E100001014398,Centurion Pipeline LP,2
E100001000348,BlackRock Inc,E100001014438,Chevron Caspian Pipeline Consortium Co,2
E100001000348,BlackRock Inc,E100001014556,Dakota Access LLC,2
E100001000348,BlackRock Inc,E100001014603,Double Eagle Pipeline LLC,2
E100001000348,BlackRock Inc,E100001014605,Kinder Morgan Energy Partners LP,2
E100001000348,BlackRock Inc,E100001014626,Kinetik Holdings Inc,2
E100001000348,BlackRock Inc,E100001014646,EnLink Midstream LLC,2
E100001000348,BlackRock Inc,E100001014764,Front Range Pipeline LLC,2
E100001000348,BlackRock Inc,E100001014841,Williams Companies Inc,2
E100001000348,BlackRock Inc,E100001015388,Senex Energy Pty Ltd,2
E100001000348,BlackRock Inc,E100001015564,Nord-West Oelleitung GmbH,2
E100001000348,BlackRock Inc,E100001015599,Sunoco LP,2
E100001000348,BlackRock Inc,E100001015923,TotalEnergies EP Norge AS,2
E100001000348,BlackRock Inc,E100001016058,STACK Pipeline LLC,2
E100001000348,BlackRock Inc,E100001016065,Saddlehorn Pipeline Company LLC,2
E100001000348,BlackRock Inc,E100001016077,Wintershall Dea Norge AS,2
E100001000348,BlackRock Inc,E100002001364,BANGL LLC,2
E100001000348,BlackRock Inc,E100002005155,North Oil Company,2
E100001000348,BlackRock Inc,E100002007876,Vaca Muerta Oleoducto Sur SA,2
E100001000382,Nippon Life Insurance Co,E100001014222,Azerbaijan International Operating Co,2
E100001000397,Government of India,E100000000509,Bharat Petroleum Corporation Ltd,2
E100001000397,Government of India,E100000000513,GAIL Ltd,2
E100001000397,Government of India,E100000153028,Oil India Ltd,2
E100001000397,Government of India,E100001014539,Numaligarh Refinery Ltd,2
E100001000520,Life Insurance Corporation of India Ltd,E100000000509,Bharat Petroleum Corporation Ltd,2
E100001000520,Life Insurance Corporation of India Ltd,E100000000513,GAIL Ltd,2
E100001000520,Life Insurance Corporation of India Ltd,E100000153028,Oil India Ltd,2
E100001000520,Life Insurance Corporation of India Ltd,E100001014539,Numaligarh Refinery Ltd,2
E100001000615,Guaranty Nominees Ltd,E100000001096,BP PLC,2
E100001000615,Guaranty Nominees Ltd,E100000001764,Pan American Energy SL,2
E100001000615,Guaranty Nominees Ltd,E100001014067,Aker BP ASA,2
E100001000615,Guaranty Nominees Ltd,E100001014222,Azerbaijan International Operating Co,2
E100001000615,Guaranty Nominees Ltd,E100001015564,Nord-West Oelleitung GmbH,2
E100001000615,Guaranty Nominees Ltd,E100001015993,Rosneft-Shell Caspian Ventures Ltd,2
E100001000730,National Pension Service (South Korea),E100001015388,Senex Energy Pty Ltd,2
E100001000901,The Capital Group Companies Inc,E100001014293,Blue Marlin Offshore Port LLC,2
E100001000901,The Capital Group Companies Inc,E100001014398,Centurion Pipeline LP,2
E100001000901,The Capital Group Companies Inc,E100001014556,Dakota Access LLC,2
E100001000901,The Capital Group Companies Inc,E100001015599,Sunoco LP,2
E100001000959,Hancock Prospecting Pty Ltd,E100001015388,Senex Energy Pty Ltd,2
E100001010042,Ministry of Finance (Kazakhstan),E100001015340,MunayTas North-West Pipeline Company LLP,2
E100001010066,State of Assam,E100001014539,Numaligarh Refinery Ltd,2
E100001010427,HSBC Custody Nominees (Australia) Ltd,E100001014283,Beach Energy Ltd,2
E100001010428,JP Morgan Nominees Australia Pty Ltd,E100001014283,Beach Energy Ltd,2
E100001010429,Citicorp Nominees Pty Ltd,E100001014283,Beach Energy Ltd,2
E100001010595,The Vanguard Group Inc,E100000000015,BHP Group Ltd,2
E100001010595,The Vanguard Group Inc,E100000000874,Rosneft PJSC,2
E100001010595,The Vanguard Group Inc,E100000001096,BP PLC,2
E100001010595,The Vanguard Group Inc,E100000001193,Dominion Energy Inc,2
E100001010595,The Vanguard Group Inc,E100000001245,Kinder Morgan Inc,2
E100001010595,The Vanguard Group Inc,E100000001764,Pan American Energy SL,2
E100001010595,The Vanguard Group Inc,E100001014097,Amberjack Pipeline Co LLC,2
E100001010595,The Vanguard Group Inc,E100001014128,Apache Corp,2
E100001010595,The Vanguard Group Inc,E100001014222,Azerbaijan International Operating Co,2
E100001010595,The Vanguard Group Inc,E100001014293,Blue Marlin Offshore Port LLC,2
E100001010595,The Vanguard Group Inc,E100001014367,Cameron Highway Oil Pipeline Company LLC,2
E100001010595,The Vanguard Group Inc,E100001014398,Centurion Pipeline LP,2
E100001010595,The Vanguard Group Inc,E100001014438,Chevron Caspian Pipeline Consortium Co,2
E100001010595,The Vanguard Group Inc,E100001014556,Dakota Access LLC,2
E100001010595,The Vanguard Group Inc,E100001014603,Double Eagle Pipeline LLC,2
E100001010595,The Vanguard Group Inc,E100001014605,Kinder Morgan Energy Partners LP,2
E100001010595,The Vanguard Group Inc,E100001014626,Kinetik Holdings Inc,2
E100001010595,The Vanguard Group Inc,E100001014646,EnLink Midstream LLC,2
E100001010595,The Vanguard Group Inc,E100001014764,Front Range Pipeline LLC,2
E100001010595,The Vanguard Group Inc,E100001014841,Williams Companies Inc,2
E100001010595,The Vanguard Group Inc,E100001015388,Senex Energy Pty Ltd,2
E100001010595,The Vanguard Group Inc,E100001015564,Nord-West Oelleitung GmbH,2
E100001010595,The Vanguard Group Inc,E100001015599,Sunoco LP,2
E100001010595,The Vanguard Group Inc,E100001015878,Texas Express Pipeline LLC,2
E100001010595,The Vanguard Group Inc,E100001016058,STACK Pipeline LLC,2
E100001010595,The Vanguard Group Inc,E100001016065,Saddlehorn Pipeline Company LLC,2
E100001010595,The Vanguard Group Inc,E100001016077,Wintershall Dea Norge AS,2
E100001010595,The Vanguard Group Inc,E100002001364,BANGL LLC,2
E100001010595,The Vanguard Group Inc,E100002005155,North Oil Company,2
E100001010595,The Vanguard Group Inc,E100002007876,Vaca Muerta Oleoducto Sur SA,2
E100001010596,State Street Corp,E100000000015,BHP Group Ltd,2
E100001010596,State Street Corp,E100000001193,Dominion Energy Inc,2
E100001010596,State Street Corp,E100000001245,Kinder Morgan Inc,2
E100001010596,State Street Corp,E100001014097,Amberjack Pipeline Co LLC,2
E100001010596,State Street Corp,E100001014128,Apache Corp,2
E100001010596,State Street Corp,E100001014222,Azerbaijan International Operating Co,2
E100001010596,State Street Corp,E100001014293,Blue Marlin Offshore Port LLC,2
E100001010596,State Street Corp,E100001014398,Centurion Pipeline LP,2
E100001010596,State Street Corp,E100001014438,Chevron Caspian Pipeline Consortium Co,2
E100001010596,State Street Corp,E100001014556,Dakota Access LLC,2
E100001010596,State Street Corp,E100001014603,Double Eagle Pipeline LLC,2
E100001010596,State Street Corp,E100001014605,Kinder Morgan Energy Partners LP,2
E100001010596,State Street Corp,E100001014646,EnLink Midstream LLC,2
E100001010596,State Street Corp,E100001014764,Front Range Pipeline LLC,2
E100001010596,State Street Corp,E100001014841,Williams Companies Inc,2
E100001010596,State Street Corp,E100001015564,Nord-West Oelleitung GmbH,2
E100001010596,State Street Corp,E100001015599,Sunoco LP,2
E100001010596,State Street Corp,E100001016058,STACK Pipeline LLC,2
E100001010596,State Street Corp,E100001016065,Saddlehorn Pipeline Company LLC,2
E100001010596,State Street Corp,E100002001364,BANGL LLC,2
E100001010596,State Street Corp,E100002007876,Vaca Muerta Oleoducto Sur SA,2
E100001010706,Capital International Investors,E100001014293,Blue Marlin Offshore Port LLC,2
E100001010706,Capital International Investors,E100001014398,Centurion Pipeline LP,2
E100001010706,Capital International Investors,E100001014556,Dakota Access LLC,2
E100001010706,Capital International Investors,E100001015599,Sunoco LP,2
E100001010707,Capital Research and Management Co,E100001014293,Blue Marlin Offshore Port LLC,2
E100001010707,Capital Research and Management Co,E100001014398,Centurion Pipeline LP,2
E100001010707,Capital Research and Management Co,E100001014556,Dakota Access LLC,2
E100001010707,Capital Research and Management Co,E100001015599,Sunoco LP,2
E100001010708,POSCO International Corp,E100001015388,Senex Energy Pty Ltd,2
E100001010887,Thai NVDR Co Ltd,E100001015883,Thai Petroleum Pipeline Co Ltd,2
E100001010923,Empresas Copec SA,E100002004498,Sociedad Nacional de Oleoductos SA,2
E100001011114,TEPDIA Generating BV,E100001015882,Thai Pipeline Network Co Ltd,2
E100001011115,Electricity Generating Authority of Thailand Saving & Credit Cooperative Ltd,E100001015882,Thai Pipeline Network Co Ltd,2
E100001011136,Government of Japan,E100001014222,Azerbaijan International Operating Co,2
E100001011288,Government of Cuba,E100000000329,Cuba Petróleo SA,2
E100001011332,National Social Security Administration (Argentina),E100002007876,Vaca Muerta Oleoducto Sur SA,2
E100001011471,Government of Argentina,E100002007876,Vaca Muerta Oleoducto Sur SA,2
E100001011559,Government of Chile,E100002004498,Sociedad Nacional de Oleoductos SA,2
E100001011617,Meiji Yasuda Life Insurance Co,E100001014222,Azerbaijan International Operating Co,2
E100001011774,Ministry of Economic Affairs ROC (Taiwan),E100000001010,CPC Corporation Taiwan,2
E100001012407,Government of Angola,E100001015721,Sonangol Pesquisa e Produção SA,2
E100001012563,Vår Energi AS,E100001012563,Vår Energi AS,2
E100001012815,Harbour Energy PLC,E100001016077,Wintershall Dea Norge AS,2
E100001013560,Cassa Depositi e Prestiti SpA,E100001012563,Vår Energi AS,2
E100001013560,Cassa Depositi e Prestiti SpA,E100001014683,Eni International (N.A.) NV SARL,2
E100001014062,Meren Energy Inc,E100001014062,Meren Energy Inc,2
E100001014067,Aker BP ASA,E100001014067,Aker BP ASA,2
E100001014068,Aker Capital ASA,E100001014067,Aker BP ASA,2
E100001014069,BP Exploration Operating Company Ltd,E100001014067,Aker BP ASA,2
E100001014070,Nemesia SARL,E100001014067,Aker BP ASA,2
E100001014071,Folketrygdfondet,E100001014067,Aker BP ASA,2
E100001014129,APA Corp,E100001014128,Apache Corp,2
E100001014134,Kuwait Investment Company KSCP,E100001014132,Arab Petroleum Pipelines Co,2
E100001014135,Kuwait Pipes Industries & Oil Services Co KSC,E100001014132,Arab Petroleum Pipelines Co,2
E100001014223,Türkiye Petrolleri Anonim Ortakligi,E100001014222,Azerbaijan International Operating Co,2
E100001014258,Bahrain Petroleum Co,E100001014258,Bahrain Petroleum Co,2
E100001014273,Bangladesh Petroleum Corporation Corp,E100001014273,Bangladesh Petroleum Corporation Corp,2
E100001014282,Enterprise Products Partners LP,E100001014423,Chaparral Pipeline Company LLC,2
E100001014282,Enterprise Products Partners LP,E100001014764,Front Range Pipeline LLC,2
E100001014282,Enterprise Products Partners LP,E100001015878,Texas Express Pipeline LLC,2
E100001014282,Enterprise Products Partners LP,E100002004319,Leveret Pipeline Company LLC,2
E100001014294,Energy Transfer LP,E100001014293,Blue Marlin Offshore Port LLC,2
E100001014294,Energy Transfer LP,E100001014398,Centurion Pipeline LP,2
E100001014294,Energy Transfer LP,E100001014556,Dakota Access LLC,2
E100001014294,Energy Transfer LP,E100001015599,Sunoco LP,2
E100001014312,Royal Bank of Canada,E100001014361,Cactus II Pipeline LLC,2
E100001014312,Royal Bank of Canada,E100001015877,Texas Eastern Transmission LP,2
E100001014312,Royal Bank of Canada,E100001015878,Texas Express Pipeline LLC,2
E100001014317,IFM Global Infrastructure Fund,E100000136293,Buckeye Partners LP,2
E100001014325,Plains All American Pipeline LP,E100001014361,Cactus II Pipeline LLC,2
E100001014325,Plains All American Pipeline LP,E100001015948,Red River Pipeline Co LLC,2
E100001014325,Plains All American Pipeline LP,E100001016058,STACK Pipeline LLC,2
E100001014325,Plains All American Pipeline LP,E100001016065,Saddlehorn Pipeline Company LLC,2
E100001014359,Government of Canada,E100001015933,Trans Mountain Corp,2
E100001014363,Delek Logistics Partners LP,E100001015948,Red River Pipeline Co LLC,2
E100001014373,Canacol Energy Ltd,E100001014373,Canacol Energy Ltd,2
E100001014375,Niña Capital LLC,E100001014373,Canacol Energy Ltd,2
E100001014376,Cavengas Holdings SRL,E100001014373,Canacol Energy Ltd,2
E100001014401,Ceylon Petroleum Corp,E100001014401,Ceylon Petroleum Corp,2
E100001014434,T. Rowe Price Investment Management Inc,E100001014293,Blue Marlin Offshore Port LLC,2
E100001014434,T. Rowe Price Investment Management Inc,E100001014398,Centurion Pipeline LP,2
E100001014434,T. Rowe Price Investment Management Inc,E100001014556,Dakota Access LLC,2
E100001014434,T. Rowe Price Investment Management Inc,E100001015599,Sunoco LP,2
E100001014543,Capital Research Global Investors,E100001014293,Blue Marlin Offshore Port LLC,2
E100001014543,Capital Research Global Investors,E100001014398,Centurion Pipeline LP,2
E100001014543,Capital Research Global Investors,E100001014556,Dakota Access LLC,2
E100001014543,Capital Research Global Investors,E100001015599,Sunoco LP,2
E100001014582,Diamondback Energy Inc,E100002001364,BANGL LLC,2
E100001014618,Ministry of Energy (Republic of Lithuania),E100001015374,KN Energies AB,2
E100001014648,ALPS Advisors Inc,E100001014361,Cactus II Pipeline LLC,2
E100001014648,ALPS Advisors Inc,E100001014367,Cameron Highway Oil Pipeline Company LLC,2
E100001014648,ALPS Advisors Inc,E100001014764,Front Range Pipeline LLC,2
E100001014648,ALPS Advisors Inc,E100001015599,Sunoco LP,2
E100001014648,ALPS Advisors Inc,E100001015948,Red River Pipeline Co LLC,2
E100001014648,ALPS Advisors Inc,E100001016058,STACK Pipeline LLC,2
E100001014648,ALPS Advisors Inc,E100001016065,Saddlehorn Pipeline Company LLC,2
E100001014651,Enquest PLC,E100001014649,EnQuest Heather Ltd,2
E100001014681,Energy Income Partners LLC,E100001014361,Cactus II Pipeline LLC,2
E100001014681,Energy Income Partners LLC,E100001015948,Red River Pipeline Co LLC,2
E100001014681,Energy Income Partners LLC,E100001016058,STACK Pipeline LLC,2
E100001014681,Energy Income Partners LLC,E100001016065,Saddlehorn Pipeline Company LLC,2
E100001014685,Eni International BV,E100001012563,Vår Energi AS,2
E100001014689,Enterprise Products Co,E100001014423,Chaparral Pipeline Company LLC,2
E100001014689,Enterprise Products Co,E100001014764,Front Range Pipeline LLC,2
E100001014689,Enterprise Products Co,E100001015878,Texas Express Pipeline LLC,2
E100001014689,Enterprise Products Co,E100002004319,Leveret Pipeline Company LLC,2
E100001014841,Williams Companies Inc,E100001014841,Williams Companies Inc,2
E100001014862,Cobas Asset Management SGIIC SA,E100001014373,Canacol Energy Ltd,2
E100001014862,Cobas Asset Management SGIIC SA,E100001014649,EnQuest Heather Ltd,2
E100001014871,Government of Tanzania,E100001014871,Government of Tanzania,2
E100001014872,Government of Zambia,E100001014872,Government of Zambia,2
E100001014950,Harvest Midstream Co,E100001014950,Harvest Midstream Co,2
E100001015051,"Ministry of Economy, Trade & Industry (Japan)",E100001014222,Azerbaijan International Operating Co,2
E100001015054,MPLX LP,E100002001364,BANGL LLC,2
E100001015106,Ministry of Petroleum (Iran),E100001015106,Ministry of Petroleum (Iran),2
E100001015201,National Bank of Kazakhstan,E100001015340,MunayTas North-West Pipeline Company LLP,2
E100001015202,KazTransOil JSC,E100001015340,MunayTas North-West Pipeline Company LLP,2
E100001015216,LOTOS Petrobaltic SA,E100001015215,LOTOS Exploration and Production Norge AS,2
E100001015274,MOL New Europe Foundation,E100001014222,Azerbaijan International Operating Co,2
E100001015275,Mathias Corvinus Collegium Foundation,E100001014222,Azerbaijan International Operating Co,2
E100001015276,Maecenas Universitatis Corvini Foundation,E100001014222,Azerbaijan International Operating Co,2
E100001015278,ONEOK Inc,E100001014603,Double Eagle Pipeline LLC,2
E100001015278,ONEOK Inc,E100001014646,EnLink Midstream LLC,2
E100001015278,ONEOK Inc,E100001016065,Saddlehorn Pipeline Company LLC,2
E100001015341,CNPC Exploration and Development Co Ltd,E100001015340,MunayTas North-West Pipeline Company LLP,2
E100001015348,James Richardson & Sons Ltd,E100001015346,Kingston Midstream Westspur Ltd,2
E100001015356,Kuwait Petroleum Corp,E100001015355,Kuwait Gulf Oil Company KSC,2
E100001015374,KN Energies AB,E100001015374,KN Energies AB,2
E100001015566,Holborn Europa Raffinerie GmbH,E100001015564,Nord-West Oelleitung GmbH,2
E100001015566,Holborn Europa Raffinerie GmbH,E100001015567,Norddeutschen Oelleitungsgesellschaft mbH,2
E100001015587,small shareholder(s),E100000000015,BHP Group Ltd,2
E100001015587,small shareholder(s),E100000000027,OMV AG,2
E100001015587,small shareholder(s),E100000000509,Bharat Petroleum Corporation Ltd,2
E100001015587,small shareholder(s),E100000000513,GAIL Ltd,2
E100001015587,small shareholder(s),E100000000766,Equinor ASA,2
E100001015587,small shareholder(s),E100000001193,Dominion Energy Inc,2
E100001015587,small shareholder(s),E100000001245,Kinder Morgan Inc,2
E100001015587,small shareholder(s),E100000001270,Occidental Petroleum Corp,2
E100001015587,small shareholder(s),E100000152934,Genesis Energy LP,2
E100001015587,small shareholder(s),E100000153028,Oil India Ltd,2
E100001015587,small shareholder(s),E100001012563,Vår Energi AS,2
E100001015587,small shareholder(s),E100001014097,Amberjack Pipeline Co LLC,2
E100001015587,small shareholder(s),E100001014128,Apache Corp,2
E100001015587,small shareholder(s),E100001014132,Arab Petroleum Pipelines Co,2
E100001015587,small shareholder(s),E100001014222,Azerbaijan International Operating Co,2
E100001015587,small shareholder(s),E100001014283,Beach Energy Ltd,2
E100001015587,small shareholder(s),E100001014293,Blue Marlin Offshore Port LLC,2
E100001015587,small shareholder(s),E100001014361,Cactus II Pipeline LLC,2
E100001015587,small shareholder(s),E100001014367,Cameron Highway Oil Pipeline Company LLC,2
E100001015587,small shareholder(s),E100001014398,Centurion Pipeline LP,2
E100001015587,small shareholder(s),E100001014423,Chaparral Pipeline Company LLC,2
E100001015587,small shareholder(s),E100001014539,Numaligarh Refinery Ltd,2
E100001015587,small shareholder(s),E100001014556,Dakota Access LLC,2
E100001015587,small shareholder(s),E100001014603,Double Eagle Pipeline LLC,2
E100001015587,small shareholder(s),E100001014604,Magellan Midstream Partners LP,2
E100001015587,small shareholder(s),E100001014605,Kinder Morgan Energy Partners LP,2
E100001015587,small shareholder(s),E100001014646,EnLink Midstream LLC,2
E100001015587,small shareholder(s),E100001014764,Front Range Pipeline LLC,2
E100001015587,small shareholder(s),E100001014841,Williams Companies Inc,2
E100001015587,small shareholder(s),E100001015012,Hocol SA,2
E100001015587,small shareholder(s),E100001015340,MunayTas North-West Pipeline Company LLP,2
E100001015587,small shareholder(s),E100001015374,KN Energies AB,2
E100001015587,small shareholder(s),E100001015564,Nord-West Oelleitung GmbH,2
E100001015587,small shareholder(s),E100001015599,Sunoco LP,2
E100001015587,small shareholder(s),E100001015808,PetroNeft Resources PLC,2
E100001015587,small shareholder(s),E100001015877,Texas Eastern Transmission LP,2
E100001015587,small shareholder(s),E100001015878,Texas Express Pipeline LLC,2
E100001015587,small shareholder(s),E100001015882,Thai Pipeline Network Co Ltd,2
E100001015587,small shareholder(s),E100001015883,Thai Petroleum Pipeline Co Ltd,2
E100001015587,small shareholder(s),E100001015948,Red River Pipeline Co LLC,2
E100001015587,small shareholder(s),E100001015984,Tullow Oil PLC,2
E100001015587,small shareholder(s),E100001016058,STACK Pipeline LLC,2
E100001015587,small shareholder(s),E100001016065,Saddlehorn Pipeline Company LLC,2
E100001015587,small shareholder(s),E100002001364,BANGL LLC,2
E100001015587,small shareholder(s),E100002004319,Leveret Pipeline Company LLC,2
E100001015587,small shareholder(s),E100002004498,Sociedad Nacional de Oleoductos SA,2
E100001015587,small shareholder(s),E100002007876,Vaca Muerta Oleoducto Sur SA,2
E100001015599,Sunoco LP,E100001015599,Sunoco LP,2
E100001015621,Empire Paloma LLC,E100001015619,Ship Shoal Pipeline Company LLC,2
E100001015644,Dodge & Cox,E100001014764,Front Range Pipeline LLC,2
E100001015644,Dodge & Cox,E100001015878,Texas Express Pipeline LLC,2
E100001015689,Ministry of Finance (Thailand),E100001015883,Thai Petroleum Pipeline Co Ltd,2
E100001015782,Invesco Advisers Inc,E100001014764,Front Range Pipeline LLC,2
E100001015792,Masila Petroleum Exploration & Production Co,E100001015792,Masila Petroleum Exploration & Production Co,2
E100001015807,Government of Yemen,E100001015792,Masila Petroleum Exploration & Production Co,2
E100001015809,Natlata Partners Ltd,E100001015808,PetroNeft Resources PLC,2
E100001015812,J&E Davy Unlimited Co,E100001015808,PetroNeft Resources PLC,2
E100001015833,Blackrock Advisors LLC,E100000000015,BHP Group Ltd,2
E100001015833,Blackrock Advisors LLC,E100000000874,Rosneft PJSC,2
E100001015833,Blackrock Advisors LLC,E100000001096,BP PLC,2
E100001015833,Blackrock Advisors LLC,E100000001193,Dominion Energy Inc,2
E100001015833,Blackrock Advisors LLC,E100000001245,Kinder Morgan Inc,2
E100001015833,Blackrock Advisors LLC,E100000001764,Pan American Energy SL,2
E100001015833,Blackrock Advisors LLC,E100001014097,Amberjack Pipeline Co LLC,2
E100001015833,Blackrock Advisors LLC,E100001014128,Apache Corp,2
E100001015833,Blackrock Advisors LLC,E100001014222,Azerbaijan International Operating Co,2
E100001015833,Blackrock Advisors LLC,E100001014293,Blue Marlin Offshore Port LLC,2
E100001015833,Blackrock Advisors LLC,E100001014367,Cameron Highway Oil Pipeline Company LLC,2
E100001015833,Blackrock Advisors LLC,E100001014398,Centurion Pipeline LP,2
E100001015833,Blackrock Advisors LLC,E100001014438,Chevron Caspian Pipeline Consortium Co,2
E100001015833,Blackrock Advisors LLC,E100001014556,Dakota Access LLC,2
E100001015833,Blackrock Advisors LLC,E100001014603,Double Eagle Pipeline LLC,2
E100001015833,Blackrock Advisors LLC,E100001014605,Kinder Morgan Energy Partners LP,2
E100001015833,Blackrock Advisors LLC,E100001014646,EnLink Midstream LLC,2
E100001015833,Blackrock Advisors LLC,E100001014764,Front Range Pipeline LLC,2
E100001015833,Blackrock Advisors LLC,E100001014841,Williams Companies Inc,2
E100001015833,Blackrock Advisors LLC,E100001015388,Senex Energy Pty Ltd,2
E100001015833,Blackrock Advisors LLC,E100001015564,Nord-West Oelleitung GmbH,2
E100001015833,Blackrock Advisors LLC,E100001015599,Sunoco LP,2
E100001015833,Blackrock Advisors LLC,E100001015838,Phillips 66 Partners LP,2
E100001015833,Blackrock Advisors LLC,E100001015923,TotalEnergies EP Norge AS,2
E100001015833,Blackrock Advisors LLC,E100001016058,STACK Pipeline LLC,2
E100001015833,Blackrock Advisors LLC,E100001016065,Saddlehorn Pipeline Company LLC,2
E100001015833,Blackrock Advisors LLC,E100001016077,Wintershall Dea Norge AS,2
E100001015833,Blackrock Advisors LLC,E100002001364,BANGL LLC,2
E100001015833,Blackrock Advisors LLC,E100002005155,North Oil Company,2
E100001015833,Blackrock Advisors LLC,E100002007876,Vaca Muerta Oleoducto Sur SA,2
E100001015850,Plains GP Holdings LP,E100001014361,Cactus II Pipeline LLC,2
E100001015850,Plains GP Holdings LP,E100001015948,Red River Pipeline Co LLC,2
E100001015850,Plains GP Holdings LP,E100001016058,STACK Pipeline LLC,2
E100001015850,Plains GP Holdings LP,E100001016065,Saddlehorn Pipeline Company LLC,2
E100001015852,Tortoise Capital Advisors LLC,E100001014361,Cactus II Pipeline LLC,2
E100001015852,Tortoise Capital Advisors LLC,E100001015948,Red River Pipeline Co LLC,2
E100001015852,Tortoise Capital Advisors LLC,E100001016058,STACK Pipeline LLC,2
E100001015852,Tortoise Capital Advisors LLC,E100001016065,Saddlehorn Pipeline Company LLC,2
E100001015866,Willow Tree SARL,E100001015865,Pluspetrol Resources Corporation BV,2
E100001015867,Century Holdings SARL,E100001015865,Pluspetrol Resources Corporation BV,2
E100001015868,Endurance Corporation SARL,E100001015865,Pluspetrol Resources Corporation BV,2
E100001015884,Star Petroleum Refining PCL,E100001015883,Thai Petroleum Pipeline Co Ltd,2
E100001015885,Bangchak Sriracha PCL,E100001015883,Thai Petroleum Pipeline Co Ltd,2
E100001015886,PTT Oil and Retail Business PCL,E100001015883,Thai Petroleum Pipeline Co Ltd,2
E100001015935,Canada Development Investment Corp,E100001015933,Trans Mountain Corp,2
E100001015988,BP Russian Investments Ltd,E100001015564,Nord-West Oelleitung GmbH,2
E100001015988,BP Russian Investments Ltd,E100001015993,Rosneft-Shell Caspian Ventures Ltd,2
E100001015989,QH Oil Investments LLC,E100001015564,Nord-West Oelleitung GmbH,2
E100001015989,QH Oil Investments LLC,E100001015993,Rosneft-Shell Caspian Ventures Ltd,2
E100001015991,National Settlement Depository JSC,E100001015564,Nord-West Oelleitung GmbH,2
E100001015991,National Settlement Depository JSC,E100001015993,Rosneft-Shell Caspian Ventures Ltd,2
E100001015992,RN-NeftKapitalInvest LLC,E100001015564,Nord-West Oelleitung GmbH,2
E100001015992,RN-NeftKapitalInvest LLC,E100001015993,Rosneft-Shell Caspian Ventures Ltd,2
E100001016035,Western Midstream Partners LP,E100001014764,Front Range Pipeline LLC,2
E100001016066,Black Diamond Gathering LLC,E100001016065,Saddlehorn Pipeline Company LLC,2
E100001016070,West Texas Gas Inc,E100002001364,BANGL LLC,2
E100001016125,Mitsubishi UFJ Trust and Banking Corp,E100001014222,Azerbaijan International Operating Co,2
E100001016126,The Norinchukin Trust & Banking Co Ltd,E100001014222,Azerbaijan International Operating Co,2
E100001016255,Sumitomo Mitsui Trust Group,E100001014222,Azerbaijan International Operating Co,2
E100001016256,Resona Bank Ltd,E100001014222,Azerbaijan International Operating Co,2
E100001016257,Asahi Mutual Life Insurance Co,E100001014222,Azerbaijan International Operating Co,2
E100001016380,Citigroup Pty Ltd,E100000000015,BHP Group Ltd,2
E100001016380,Citigroup Pty Ltd,E100001014283,Beach Energy Ltd,2
E100001016390,HSBC Bank Australia Ltd,E100001014283,Beach Energy Ltd,2
E100001016392,Citigroup Global Markets Australia Pty Ltd,E100000000015,BHP Group Ltd,2
E100001016492,Norinchukin Bank,E100001014222,Azerbaijan International Operating Co,2
E100001016498,Mitsubishi UFJ Financial Group Inc,E100001014222,Azerbaijan International Operating Co,2
E100001016645,T. Rowe Price Group Inc,E100001014293,Blue Marlin Offshore Port LLC,2
E100001016645,T. Rowe Price Group Inc,E100001014398,Centurion Pipeline LP,2
E100001016645,T. Rowe Price Group Inc,E100001014556,Dakota Access LLC,2
E100001016645,T. Rowe Price Group Inc,E100001015599,Sunoco LP,2
E100001016677,Government of Italy,E100001012563,Vår Energi AS,2
E100001016677,Government of Italy,E100001014683,Eni International (N.A.) NV SARL,2
E100001016771,Moscow Exchange MICEX-RTS PJSC,E100001015564,Nord-West Oelleitung GmbH,2
E100001016771,Moscow Exchange MICEX-RTS PJSC,E100001015993,Rosneft-Shell Caspian Ventures Ltd,2
E100002000989,State Development Corporation VEB.RF,E100001015564,Nord-West Oelleitung GmbH,2
E100002000989,State Development Corporation VEB.RF,E100001015993,Rosneft-Shell Caspian Ventures Ltd,2
E100002001296,Vista Energy SAB de CV,E100002001295,Vista Energy Argentina SAU,2
E100002001296,Vista Energy SAB de CV,E100002007876,Vaca Muerta Oleoducto Sur SA,2
E100002001974,member/employee owned,E100001014222,Azerbaijan International Operating Co,2
E100002001974,member/employee owned,E100001014293,Blue Marlin Offshore Port LLC,2
E100002001974,member/employee owned,E100001014398,Centurion Pipeline LP,2
E100002001974,member/employee owned,E100001014556,Dakota Access LLC,2
E100002001974,member/employee owned,E100001014764,Front Range Pipeline LLC,2
E100002001974,member/employee owned,E100001015599,Sunoco LP,2
E100002001974,member/employee owned,E100001015878,Texas Express Pipeline LLC,2
E100002001974,member/employee owned,E100001015882,Thai Pipeline Network Co Ltd,2
E100002001974,member/employee owned,E100002005155,North Oil Company,2
E100002003559,Control Empresarial de Capitales SA de CV,E100001016077,Wintershall Dea Norge AS,2
E100002004370,Sunoco GP LLC,E100001015599,Sunoco LP,2
E100002004501,Infra Inversiones SpA,E100002004498,Sociedad Nacional de Oleoductos SA,2
E100002004503,Quiñenco SA,E100002004498,Sociedad Nacional de Oleoductos SA,2
E100002004504,Andsberg Inversiones Ltda,E100002004498,Sociedad Nacional de Oleoductos SA,2
E100002004505,Luksburg Foundation,E100002004498,Sociedad Nacional de Oleoductos SA,2
E100002004506,Ruana Copper AG Agencia Chile,E100002004498,Sociedad Nacional de Oleoductos SA,2
E100002004507,Inmobiliaria e Inversiones Rio Claro SA,E100002004498,Sociedad Nacional de Oleoductos SA,2
E100002004508,Inversiones Consolidadas Ltda,E100002004498,Sociedad Nacional de Oleoductos SA,2
E100002004538,Central Bank of the Russian Federation,E100001015564,Nord-West Oelleitung GmbH,2
E100002004538,Central Bank of the Russian Federation,E100001015993,Rosneft-Shell Caspian Ventures Ltd,2
E100002004539,Sberbank PJSC,E100001015564,Nord-West Oelleitung GmbH,2
E100002004539,Sberbank PJSC,E100001015993,Rosneft-Shell Caspian Ventures Ltd,2
E100002005039,EIG Asset Management LLC,E100001016077,Wintershall Dea Norge AS,2
E100002005153,Ministry of Finance (Norway),E100001014067,Aker BP ASA,2
E100002005244,Banco BTG Pactual SA,E100001014062,Meren Energy Inc,2
E100002005248,BTG Pactual Holding Financeira Ltda,E100001014062,Meren Energy Inc,2
E100002005290,Ministry of Treasury and Finance (Turkey),E100001014222,Azerbaijan International Operating Co,2
E100002005456,Double A Ltd,E100001014649,EnQuest Heather Ltd,2
E100002005457,Aberforth Partners LLP,E100001014649,EnQuest Heather Ltd,2
E100002005458,Hargreaves Lansdown Asset Management Ltd,E100001014649,EnQuest Heather Ltd,2
E100002005503,Hidden Lake SA,E100002007876,Vaca Muerta Oleoducto Sur SA,2
E100002007636,Bp Exploration Co Ltd,E100001014067,Aker BP ASA,2
E100002007653,Bp International Ltd,E100001014067,Aker BP ASA,2
E100002007653,Bp International Ltd,E100001015564,Nord-West Oelleitung GmbH,2
E100002007653,Bp International Ltd,E100001015993,Rosneft-Shell Caspian Ventures Ltd,2
E100002007660,J.P. Morgan Capital Holdings Ltd,E100000001096,BP PLC,2
E100002007660,J.P. Morgan Capital Holdings Ltd,E100000001764,Pan American Energy SL,2
E100002007660,J.P. Morgan Capital Holdings Ltd,E100001014067,Aker BP ASA,2
E100002007660,J.P. Morgan Capital Holdings Ltd,E100001014222,Azerbaijan International Operating Co,2
E100002007660,J.P. Morgan Capital Holdings Ltd,E100001015564,Nord-West Oelleitung GmbH,2
E100002007660,J.P. Morgan Capital Holdings Ltd,E100001015993,Rosneft-Shell Caspian Ventures Ltd,2
E100002007779,Third Platform Services Ltd,E100001015808,PetroNeft Resources PLC,2
E100002007783,Hargreaves Lansdown PLC,E100001014649,EnQuest Heather Ltd,2
E100002007877,Pan American Sur SA,E100002007876,Vaca Muerta Oleoducto Sur SA,2
E100002011285,Resonac Holdings Corp,E100001014222,Azerbaijan International Operating Co,2
E100002014004,Bridas Energy Holdings Ltd,E100000001764,Pan American Energy SL,2
E100002015130,JP Morgan Holdings Australia Pty Ltd,E100001014283,Beach Energy Ltd,2
E100002015131,JP Morgan International Finance Ltd,E100001014283,Beach Energy Ltd,2
E100002015132,JP Morgan International Inc,E100001014283,Beach Energy Ltd,2
E100002016070,Mutual Fund Vayupak One,E100001015883,Thai Petroleum Pipeline Co Ltd,2
E100002016408,Ministry of Finance (Russia),E100001015564,Nord-West Oelleitung GmbH,2
E100002016408,Ministry of Finance (Russia),E100001015993,Rosneft-Shell Caspian Ventures Ltd,2
E100002019433,EIP EP LLC,E100001014361,Cactus II Pipeline LLC,2
E100002019433,EIP EP LLC,E100001015948,Red River Pipeline Co LLC,2
E100002019433,EIP EP LLC,E100001016058,STACK Pipeline LLC,2
E100002019433,EIP EP LLC,E100001016065,Saddlehorn Pipeline Company LLC,2
E100002021813,HSBC holdings plc,E100001014283,Beach Energy Ltd,2
E100002021868,ALPS holdings Inc,E100001014361,Cactus II Pipeline LLC,2
E100002021868,ALPS holdings Inc,E100001014367,Cameron Highway Oil Pipeline Company LLC,2
E100002021868,ALPS holdings Inc,E100001014764,Front Range Pipeline LLC,2
E100002021868,ALPS holdings Inc,E100001015599,Sunoco LP,2
E100002021868,ALPS holdings Inc,E100001015948,Red River Pipeline Co LLC,2
E100002021868,ALPS holdings Inc,E100001016058,STACK Pipeline LLC,2
E100002021868,ALPS holdings Inc,E100001016065,Saddlehorn Pipeline Company LLC,2
E100002022039,Citibank Overseas Investment Corp,E100000000015,BHP Group Ltd,2
E100002022039,Citibank Overseas Investment Corp,E100001014283,Beach Energy Ltd,2
E100002022047,The Stock Exchange of Thailand,E100001015883,Thai Petroleum Pipeline Co Ltd,2
E100002022061,Massachusetts Mutual Life Insurance Co,E100001014367,Cameron Highway Oil Pipeline Company LLC,2
E100002022061,Massachusetts Mutual Life Insurance Co,E100001014764,Front Range Pipeline LLC,2
E100002022062,Trian Fund Management LP,E100001014367,Cameron Highway Oil Pipeline Company LLC,2
E100002022062,Trian Fund Management LP,E100001014764,Front Range Pipeline LLC,2
E100002022081,JERA Power Management Asia,E100001015882,Thai Pipeline Network Co Ltd,2
E100002022083,DGA Thailand BV,E100001015882,Thai Pipeline Network Co Ltd,2
E100002022084,Kyuden International Europe BV,E100001015882,Thai Pipeline Network Co Ltd,2
E100002022199,Quanta Services Inc,E100002001364,BANGL LLC,2
E100002022200,Global X Management Company,E100001014367,Cameron Highway Oil Pipeline Company LLC,2
E100002022201,Tortoise Borrower LLC,E100001014361,Cactus II Pipeline LLC,2
E100002022201,Tortoise Borrower LLC,E100001015948,Red River Pipeline Co LLC,2
E100002022201,Tortoise Borrower LLC,E100001016058,STACK Pipeline LLC,2
E100002022201,Tortoise Borrower LLC,E100001016065,Saddlehorn Pipeline Company LLC,2
E100002022203,Dai-ichi Life Holdings Inc,E100001014222,Azerbaijan International Operating Co,2
E100002022234,Hotchkis and Wiley Capital Management LLC,E100001014128,Apache Corp,2
E100000000003,Sonatrach SpA,E100001015806,Transportadora de Gas del Perú SA,1
E100000000013,YPF SA,E100002004332,Compañía Mega SA,1
E100000000013,YPF SA,E100002004444,Refinor SA,1
E100000000019,Origin Energy Ltd,E100000000019,Origin Energy Ltd,1
E100000000027,OMV AG,E100001015636,OMV (Norge) AS,1
E100000000084,Petróleo Brasileiro SA,E100002004332,Compañía Mega SA,1
E100000000104,Brookfield Corp,E100000000118,Inter Pipeline Ltd,1
E100000000104,Brookfield Corp,E100001014482,Cold Lake Pipeline LP,1
E100000000104,Brookfield Corp,E100001015596,Northstar Holdco Energy LLC,1
E100000000105,Canadian Natural Resources Ltd,E100001014357,CNR International (UK) Ltd,1
E100000000112,Enbridge Inc,E100001014670,Enbridge Frontier Inc,1
E100000000112,Enbridge Inc,E100001014875,Gray Oak Pipeline LLC,1
E100000000112,Enbridge Inc,E100001015053,Illinois Extension Pipeline Company LLC,1
E100000000127,Pembina Pipeline Corp,E100001015671,PKM Cochin ULC,1
E100000000135,Suncor Energy Inc,E100001015894,Portland Pipe Line Corp,1
E100000000172,China National Offshore Oil Corp,E100001014354,CNOOC Ltd,1
E100000000172,China National Offshore Oil Corp,E100001014421,Chaoyang Petroleum (BVI) Ltd,1
E100000000172,China National Offshore Oil Corp,E100001014627,East African Crude Oil Pipeline Ltd,1
E100000000220,Industrial and Commercial Bank of China Ltd,E100000122509,North Huajin Chemical Industries Group Corp,1
E100000000245,PetroChina Co Ltd,E100001015839,PetroChina Canada Ltd,1
E100000000336,United Company RUSAL PJSC,E100001015405,Norilsktransgaz JSC,1
E100000000387,TotalEnergies SE,E100001014266,Baku-Tbilisi-Ceyhan Pipeline Co,1
E100000000387,TotalEnergies SE,E100001014627,East African Crude Oil Pipeline Ltd,1
E100000000387,TotalEnergies SE,E100001015911,TotalEnergies E&P UK Ltd,1
E100000000387,TotalEnergies SE,E100001015918,TotalEnergies EP Nigeria Ltd,1
E100000000424,Linde PLC,E100002004327,Liquigas Ltd,1
E100000000505,MOL Magyar Olajes Gazipari Nyrt,E100001014266,Baku-Tbilisi-Ceyhan Pipeline Co,1
E100000000505,MOL Magyar Olajes Gazipari Nyrt,E100002004536,IES Italiana Energia e Servizi SpA,1
E100000000524,Oil and Natural Gas Corporation Ltd,E100000001916,HPCL-Mittal Energy Ltd,1
E100000000524,Oil and Natural Gas Corporation Ltd,E100001014879,Greater Nile Petroleum Operating Co Ltd,1
E100000000524,Oil and Natural Gas Corporation Ltd,E100001015281,Mansarovar Energy Colombia Ltd,1
E100000000524,Oil and Natural Gas Corporation Ltd,E100001016002,Vankorneft JSC,1
E100000000533,PT Medco Energi Internasional Tbk,E100000000533,PT Medco Energi Internasional Tbk,1
E100000000538,PT Pertamina (Persero) PT,E100001014154,Etablissements Maurel & Prom SA,1
E100000000538,PT Pertamina (Persero) PT,E100001015679,PT Pertamina Gas Negara Tbk,1
E100000000556,National Iranian Oil Co,E100001015829,Petroleum Engineering and Development Co,1
E100000000585,Delek Group Ltd,E100001014436,Chevron North Sea Ltd,1
E100000000610,Eni SpA,E100001014266,Baku-Tbilisi-Ceyhan Pipeline Co,1
E100000000610,Eni SpA,E100001014436,Chevron North Sea Ltd,1
E100000000610,Eni SpA,E100001015527,Eni Energy Group Ltd,1
E100000000645,Japan Petroleum Exploration Co,E100000000645,Japan Petroleum Exploration Co,1
E100000000669,National Company KazMunayGas JSC,E100001015190,KMG International NV,1
E100000000671,Samruk-Kazyna SWF JSC,E100001015190,KMG International NV,1
E100000000694,Vitol Holding II SA,E100000000694,Vitol Holding II SA,1
E100000000702,Petroliam Nasional Bhd,E100000000702,Petroliam Nasional Bhd,1
E100000000702,Petroliam Nasional Bhd,E100001014879,Greater Nile Petroleum Operating Co Ltd,1
E100000000746,Shell PLC,E100001014673,Endymion Oil Pipeline Company LLC,1
E100000000746,Shell PLC,E100001015210,LOCAP LLC,1
E100000000746,Shell PLC,E100001015211,LOOP LLC,1
E100000000746,Shell PLC,E100001015289,Mars Oil Pipeline Company LLC,1
E100000000746,Shell PLC,E100001015612,Shell Pipeline Company LP,1
E100000000759,Oando PLC,E100000003650,Nigerian Agip Oil Company Ltd,1
E100000000766,Equinor ASA,E100000001607,Ørsted A/S,1
E100000000766,Equinor ASA,E100001014266,Baku-Tbilisi-Ceyhan Pipeline Co,1
E100000000777,Government of Oman,E100000000777,Government of Oman,1
E100000000777,Government of Oman,E100000133592,OQ Gas Networks SAOC,1
E100000000781,OQ SAOC,E100000133592,OQ Gas Networks SAOC,1
E100000000825,Nationale-Nederlanden Open Pension Fund,E100002004375,ORLEN Lietuva AB,1
E100000000827,ORLEN SA,E100002004375,ORLEN Lietuva AB,1
E100000000839,Government of Qatar,E100000000975,Iberdrola SA,1
E100000000839,Government of Qatar,E100001015405,Norilsktransgaz JSC,1
E100000000839,Government of Qatar,E100001016002,Vankorneft JSC,1
E100000000839,Government of Qatar,E100001016003,Verkhnechonskneftegaz JSC,1
E100000000845,Qatar Investment Authority,E100000000975,Iberdrola SA,1
E100000000845,Qatar Investment Authority,E100001015405,Norilsktransgaz JSC,1
E100000000845,Qatar Investment Authority,E100001016002,Vankorneft JSC,1
E100000000845,Qatar Investment Authority,E100001016003,Verkhnechonskneftegaz JSC,1
E100000000851,Government of Romania,E100001015645,Oil Terminal SA,1
E100000000870,Norilsk Nickel Mining and Metallurgical Company PJSC,E100001015405,Norilsktransgaz JSC,1
E100000000874,Rosneft PJSC,E100001016002,Vankorneft JSC,1
E100000000874,Rosneft PJSC,E100001016003,Verkhnechonskneftegaz JSC,1
E100000000881,Tatneft PJSC,E100000000881,Tatneft PJSC,1
E100000000888,Saudi Arabian Oil Co,E100000003600,Motiva Enterprises LLC,1
E100000000888,Saudi Arabian Oil Co,E100001014136,Aramco Gulf Operations Co Ltd,1
E100000000958,Samchully Co Ltd,E100000121239,ST International Corp,1
E100000000962,Government of South Korea,E100000120689,KDB Infrastructure Investments Asset Management Co Ltd,1
E100000000962,Government of South Korea,E100001014566,Dana Petroleum Ltd,1
E100000000975,Iberdrola SA,E100000000975,Iberdrola SA,1
E100000000980,Repsol SA,E100001014305,Brae Group,1
E100000001078,Abu Dhabi National Energy Company PJSC,E100000001078,Abu Dhabi National Energy Company PJSC,1
E100000001079,Abu Dhabi National Oil Co,E100001014027,Abu Dhabi Crude Oil Pipeline LLC,1
E100000001079,Abu Dhabi National Oil Co,E100001015636,OMV (Norge) AS,1
E100000001080,Abu Dhabi Power Corp,E100000001078,Abu Dhabi National Energy Company PJSC,1
E100000001086,Mubadala Investment Company PJSC,E100001014343,CEPSA Colombia SA,1
E100000001096,BP PLC,E100001014266,Baku-Tbilisi-Ceyhan Pipeline Co,1
E100000001096,BP PLC,E100001014673,Endymion Oil Pipeline Company LLC,1
E100000001096,BP PLC,E100001015288,Mardi Gras Transportation System Co LLC,1
E100000001096,BP PLC,E100001015289,Mars Oil Pipeline Company LLC,1
E100000001096,BP PLC,E100001015912,Proteus Oil Pipeline Company LLC,1
E100000001096,BP PLC,E100001016002,Vankorneft JSC,1
E100000001096,BP PLC,E100001016003,Verkhnechonskneftegaz JSC,1
E100000001101,Centrica PLC,E100001014305,Brae Group,1
E100000001107,European Bank for Reconstruction and Development,E100001016002,Vankorneft JSC,1
E100000001107,European Bank for Reconstruction and Development,E100001016003,Verkhnechonskneftegaz JSC,1
E100000001155,Berkshire Hathaway Inc,E100001015998,Unocal Argentina Ltda,1
E100000001155,Berkshire Hathaway Inc,E100002004063,Chevron Phillips Chemical Company LLC,1
E100000001158,Blackstone Inc,E100001015112,Iron Horse Pipeline LLC,1
E100000001158,Blackstone Inc,E100001015113,Powder River Gateway LLC,1
E100000001158,Blackstone Inc,E100001015384,Seahorse Pipeline LLC,1
E100000001173,Carlyle Group Inc,E100001014343,CEPSA Colombia SA,1
E100000001177,CenterPoint Energy Inc,E100001014399,Lotus Midstream Operations LLC,1
E100000001179,Chevron Corp,E100001015998,Unocal Argentina Ltda,1
E100000001179,Chevron Corp,E100002004063,Chevron Phillips Chemical Company LLC,1
E100000001213,Exxon Mobil Corp,E100001014673,Endymion Oil Pipeline Company LLC,1
E100000001213,Exxon Mobil Corp,E100001015327,Mobil Exploration Norway Inc,1
E100000001213,Exxon Mobil Corp,E100001015672,PNG LNG Inc,1
E100000001213,Exxon Mobil Corp,E100001015869,Point Thomson Export Pipeline LLC,1
E100000001234,I Squared Capital Advisors LLC,E100001014009,AI Candelaria (Spain) SLU,1
E100000001245,Kinder Morgan Inc,E100001015011,Hiland Crude LLC,1
E100000001245,Kinder Morgan Inc,E100001015260,Kinder Morgan Crude & Condensate LLC,1
E100000001245,Kinder Morgan Inc,E100001015282,Kinder Morgan Freedom Pipeline LLC,1
E100000001245,Kinder Morgan Inc,E100001015858,Products (SE) Pipe Line Corp,1
E100000001247,KKR & Co. Inc,E100000001247,KKR & Co. Inc,1
E100000001254,Marathon Petroleum Corp,E100000001254,Marathon Petroleum Corp,1
E100000001254,Marathon Petroleum Corp,E100001014264,Tesoro High Plains Pipeline Company LLC,1
E100000001254,Marathon Petroleum Corp,E100001014875,Gray Oak Pipeline LLC,1
E100000001254,Marathon Petroleum Corp,E100001015053,Illinois Extension Pipeline Company LLC,1
E100000001254,Marathon Petroleum Corp,E100001015210,LOCAP LLC,1
E100000001254,Marathon Petroleum Corp,E100001015211,LOOP LLC,1
E100000001275,PBF Energy Inc,E100001015667,PBF Logistics LP,1
E100000001282,Phillips 66,E100001014875,Gray Oak Pipeline LLC,1
E100000001282,Phillips 66,E100002001388,Black Lake Pipeline Co,1
E100000001282,Phillips 66,E100002004063,Chevron Phillips Chemical Company LLC,1
E100000001282,Phillips 66,E100002004435,Phillips 66 Pipeline LLC,1
E100000001282,Phillips 66,E100002004494,Skelly-Belvieu Pipeline Company LLC,1
E100000001306,The Dow Chemical Company,E100002004332,Compañía Mega SA,1
E100000001306,The Dow Chemical Company,E100002004459,Seadrift Pipeline LLC,1
E100000001354,Ministry of Electricity (Iraq),E100000001354,Ministry of Electricity (Iraq),1
E100000001378,Andeavor,E100001015860,Tesoro Refining & Marketing Company LLC,1
E100000001384,Ares Management Corp,E100001015370,Salt Creek Midstream LLC,1
E100000001384,Ares Management Corp,E100001015844,Pilgrim Pipelines Holdings LLC,1
E100000001471,En+ Group PJSC,E100001015405,Norilsktransgaz JSC,1
E100000001492,Gazprom PJSC,E100000121263,Naftna Industrija Srbije AD,1
E100000001534,JPMorgan Chase & Co Corp,E100000137427,Woodside Energy Ltd,1
E100000001534,JPMorgan Chase & Co Corp,E100001014703,APA Ethane Pty Ltd,1
E100000001534,JPMorgan Chase & Co Corp,E100001015668,PEL 91,1
E100000001534,JPMorgan Chase & Co Corp,E100001015672,PNG LNG Inc,1
E100000001534,JPMorgan Chase & Co Corp,E100001016013,W.A.G. Pipeline Pty Ltd,1
E100000001607,Ørsted A/S,E100000001607,Ørsted A/S,1
E100000001682,Stadtwerke München GmbH,E100001014305,Brae Group,1
E100000001768,APA Group,E100001014703,APA Ethane Pty Ltd,1
E100000001835,Empresa Nacional del Petróleo,E100000001835,Empresa Nacional del Petróleo,1
E100000001835,Empresa Nacional del Petróleo,E100001014669,Enap Sipetrol SA,1
E100000001860,Egyptian General Petroleum Corp,E100001016016,Western Desert Operating Petroleum Co,1
E100000001917,Hindustan Petroleum Corporation Ltd,E100000001916,HPCL-Mittal Energy Ltd,1
E100000001918,Indian Oil Corporation Ltd,E100000001916,HPCL-Mittal Energy Ltd,1
E100000001918,Indian Oil Corporation Ltd,E100001014879,Greater Nile Petroleum Operating Co Ltd,1
E100000001918,Indian Oil Corporation Ltd,E100001015281,Mansarovar Energy Colombia Ltd,1
E100000001918,Indian Oil Corporation Ltd,E100001016002,Vankorneft JSC,1
E100000121185,Rosneftegaz JSC,E100000121263,Naftna Industrija Srbije AD,1
E100000121185,Rosneftegaz JSC,E100001016002,Vankorneft JSC,1
E100000121185,Rosneftegaz JSC,E100001016003,Verkhnechonskneftegaz JSC,1
E100000121263,Naftna Industrija Srbije AD,E100000121263,Naftna Industrija Srbije AD,1
E100000123261,natural person(s),E100000000533,PT Medco Energi Internasional Tbk,1
E100000123261,natural person(s),E100000000645,Japan Petroleum Exploration Co,1
E100000123261,natural person(s),E100000001247,KKR & Co. Inc,1
E100000123261,natural person(s),E100000121514,Vedanta Resources Ltd,1
E100000123261,natural person(s),E100000126880,Dongying UNITED Petroleum Chemical Co Ltd,1
E100000123261,natural person(s),E100000137427,Woodside Energy Ltd,1
E100000123261,natural person(s),E100001014065,Aiteo Eastern E&P Co Ltd,1
E100000123261,natural person(s),E100001014104,Amerisur SA,1
E100000123261,natural person(s),E100001014281,Baymark Pipeline LLC,1
E100000123261,natural person(s),E100001014298,Blueknight Energy Partners GP LLC,1
E100000123261,natural person(s),E100001014299,Ergon Inc,1
E100000123261,natural person(s),E100001014343,CEPSA Colombia SA,1
E100000123261,natural person(s),E100001014362,Caddo Pipeline LLC,1
E100000123261,natural person(s),E100001014399,Lotus Midstream Operations LLC,1
E100000123261,natural person(s),E100001014424,Enterprise Midstream Companies LLC,1
E100000123261,natural person(s),E100001014436,Chevron North Sea Ltd,1
E100000123261,natural person(s),E100001014510,Cook Inlet Pipeline Co,1
E100000123261,natural person(s),E100001014523,Cushing Connect Pipeline & Terminal LLC,1
E100000123261,natural person(s),E100001014529,Hellenic Gas Transmission System Operator SA,1
E100000123261,natural person(s),E100001014703,APA Ethane Pty Ltd,1
E100000123261,natural person(s),E100001014859,Globaltec LLC,1
E100000123261,natural person(s),E100001014947,Harvest Alaska LLC,1
E100000123261,natural person(s),E100001015011,Hiland Crude LLC,1
E100000123261,natural person(s),E100001015112,Iron Horse Pipeline LLC,1
E100000123261,natural person(s),E100001015113,Powder River Gateway LLC,1
E100000123261,natural person(s),E100001015115,Silver Creek Midstream LLC,1
E100000123261,natural person(s),E100001015260,Kinder Morgan Crude & Condensate LLC,1
E100000123261,natural person(s),E100001015282,Kinder Morgan Freedom Pipeline LLC,1
E100000123261,natural person(s),E100001015352,Kuwait Energy PLC,1
E100000123261,natural person(s),E100001015370,Salt Creek Midstream LLC,1
E100000123261,natural person(s),E100001015405,Norilsktransgaz JSC,1
E100000123261,natural person(s),E100001015545,New Zealand Energy Corp,1
E100000123261,natural person(s),E100001015667,PBF Logistics LP,1
E100000123261,natural person(s),E100001015668,PEL 91,1
E100000123261,natural person(s),E100001015672,PNG LNG Inc,1
E100000123261,natural person(s),E100001015806,Transportadora de Gas del Perú SA,1
E100000123261,natural person(s),E100001015844,Pilgrim Pipelines Holdings LLC,1
E100000123261,natural person(s),E100001015855,Plains Midstream Canada ULC,1
E100000123261,natural person(s),E100001015858,Products (SE) Pipe Line Corp,1
E100000123261,natural person(s),E100001015869,Point Thomson Export Pipeline LLC,1
E100000123261,natural person(s),E100001015875,TexStar Midstream Logistics LP,1
E100000123261,natural person(s),E100001015942,NNK-Sakhalinmorneftegaz LLC,1
E100000123261,natural person(s),E100001016013,W.A.G. Pipeline Pty Ltd,1
E100000123261,natural person(s),E100002001297,Adani Ports and Special Economic Zone Ltd,1
E100000123261,natural person(s),E100002001361,Tri-States NGL Pipeline LLC,1
E100000123261,natural person(s),E100002004184,Dixie Pipeline Company LLC,1
E100000123261,natural person(s),E100002004327,Liquigas Ltd,1
E100000123261,natural person(s),E100002004416,Panola Pipeline Company LLC,1
E100000123261,natural person(s),E100002004453,Raffineria Padana Olii Minerali SARPOM SRL,1
E100000123261,natural person(s),E100002004494,Skelly-Belvieu Pipeline Company LLC,1
E100000123261,natural person(s),E100002010851,Pacific Pipeline System LLC,1
E100000123428,Liaoning State-Owned Assets Management Co Ltd,E100000122509,North Huajin Chemical Industries Group Corp,1
E100000124666,Liaoning Huida Enterprise Management Co Ltd,E100000122509,North Huajin Chemical Industries Group Corp,1
E100000124919,Liaoning Holding (Group) Co Ltd,E100000122509,North Huajin Chemical Industries Group Corp,1
E100000124954,Chang'an Huitong Co Ltd,E100000124313,Shaanxi Yanchang Petroleum (Group) Co Ltd,1
E100000125246,Sinochem Holdings Corp Ltd,E100001014641,Emerald Energy PLC,1
E100000125511,Shaanxi Provincial People's Government State-owned Assets Supervision and Administration Commission,E100000124313,Shaanxi Yanchang Petroleum (Group) Co Ltd,1
E100000125551,Shandong Provincial People's Government State-owned Assets Supervision and Administration Commission,E100000126880,Dongying UNITED Petroleum Chemical Co Ltd,1
E100000125588,State-owned Assets Supervision and Administration Commission of the People's Government of Liaoning Province,E100000122509,North Huajin Chemical Industries Group Corp,1
E100000125629,Liaoning Provincial Department of Finance,E100000122509,North Huajin Chemical Industries Group Corp,1
E100000125636,Yan'an Municipal People's Government State-owned Assets Supervision and Administration Commission,E100000124313,Shaanxi Yanchang Petroleum (Group) Co Ltd,1
E100000125675,Shandong Provincial Department of Finance,E100000126880,Dongying UNITED Petroleum Chemical Co Ltd,1
E100000127409,Fuhai Group New Energy Holding Co Ltd,E100000126880,Dongying UNITED Petroleum Chemical Co Ltd,1
E100000127412,Shengli Oilfield Tianqin Investment Consulting Co Ltd,E100000126880,Dongying UNITED Petroleum Chemical Co Ltd,1
E100000128421,Shandong High-Speed Group Co Ltd,E100000126880,Dongying UNITED Petroleum Chemical Co Ltd,1
E100000128609,"Shengli Oil Field Dongsheng Tianqin Science, Industry and Trade Co Ltd",E100000126880,Dongying UNITED Petroleum Chemical Co Ltd,1
E100000130265,Employee Stock Ownership Association of Lihuayi Group Co Ltd,E100000127540,Lihuayi Group Co Ltd,1
E100000131640,Government of Niger,E100000131640,Government of Niger,1
E100000132388,unknown,E100000000118,Inter Pipeline Ltd,1
E100000132388,unknown,E100000000881,Tatneft PJSC,1
E100000132388,unknown,E100000003650,Nigerian Agip Oil Company Ltd,1
E100000132388,unknown,E100000004170,Tecpetrol SA,1
E100000132388,unknown,E100000120689,KDB Infrastructure Investments Asset Management Co Ltd,1
E100000132388,unknown,E100000124313,Shaanxi Yanchang Petroleum (Group) Co Ltd,1
E100000132388,unknown,E100000126880,Dongying UNITED Petroleum Chemical Co Ltd,1
E100000132388,unknown,E100000127540,Lihuayi Group Co Ltd,1
E100000132388,unknown,E100001014482,Cold Lake Pipeline LP,1
E100000132388,unknown,E100001014521,Millux Holdings LLC,1
E100000132388,unknown,E100001014721,ExxonMobil Exploration Argentina SRL,1
E100000132388,unknown,E100001015112,Iron Horse Pipeline LLC,1
E100000132388,unknown,E100001015113,Powder River Gateway LLC,1
E100000132388,unknown,E100001015288,Mardi Gras Transportation System Co LLC,1
E100000132388,unknown,E100001015384,Seahorse Pipeline LLC,1
E100000132388,unknown,E100001015839,PetroChina Canada Ltd,1
E100000132388,unknown,E100001015858,Products (SE) Pipe Line Corp,1
E100000132388,unknown,E100001015912,Proteus Oil Pipeline Company LLC,1
E100000132388,unknown,E100001016013,W.A.G. Pipeline Pty Ltd,1
E100000132388,unknown,E100002001361,Tri-States NGL Pipeline LLC,1
E100000132388,unknown,E100002004327,Liquigas Ltd,1
E100000132388,unknown,E100002004332,Compañía Mega SA,1
E100000132388,unknown,E100002004375,ORLEN Lietuva AB,1
E100000132388,unknown,E100002004416,Panola Pipeline Company LLC,1
E100000132388,unknown,E100002004459,Seadrift Pipeline LLC,1
E100000133542,The Dai-ichi Life Insurance Co Ltd,E100000000645,Japan Petroleum Exploration Co,1
E100000133592,OQ Gas Networks SAOC,E100000133592,OQ Gas Networks SAOC,1
E100000134222,Mizuho Financial Group Inc,E100000000645,Japan Petroleum Exploration Co,1
E100000135826,Citigroup Inc,E100000137427,Woodside Energy Ltd,1
E100000135826,Citigroup Inc,E100001014703,APA Ethane Pty Ltd,1
E100000135826,Citigroup Inc,E100001015668,PEL 91,1
E100000135826,Citigroup Inc,E100001015672,PNG LNG Inc,1
E100000135826,Citigroup Inc,E100001016013,W.A.G. Pipeline Pty Ltd,1
E100000136108,State Street Bank and Trust Co,E100000000645,Japan Petroleum Exploration Co,1
E100000136108,State Street Bank and Trust Co,E100001016002,Vankorneft JSC,1
E100000136108,State Street Bank and Trust Co,E100001016003,Verkhnechonskneftegaz JSC,1
E100000139852,JPMorgan Chase Bank,E100000137427,Woodside Energy Ltd,1
E100000139852,JPMorgan Chase Bank,E100001014703,APA Ethane Pty Ltd,1
E100000139852,JPMorgan Chase Bank,E100001015668,PEL 91,1
E100000139852,JPMorgan Chase Bank,E100001015672,PNG LNG Inc,1
E100000139852,JPMorgan Chase Bank,E100001016013,W.A.G. Pipeline Pty Ltd,1
E100000149031,Korea National Oil Corp,E100001014566,Dana Petroleum Ltd,1
E100000149640,Savannah Energy PLC,E100000149640,Savannah Energy PLC,1
E100000152013,Energy Infrastructure Partners AG,E100001014529,Hellenic Gas Transmission System Operator SA,1
E100000153028,Oil India Ltd,E100000001916,HPCL-Mittal Energy Ltd,1
E100000153028,Oil India Ltd,E100001014879,Greater Nile Petroleum Operating Co Ltd,1
E100000153028,Oil India Ltd,E100001015281,Mansarovar Energy Colombia Ltd,1
E100000153028,Oil India Ltd,E100001016002,Vankorneft JSC,1
E100000180733,China National Petroleum Corp,E100001014879,Greater Nile Petroleum Operating Co Ltd,1
E100000180733,China National Petroleum Corp,E100001015839,PetroChina Canada Ltd,1
E100000181249,Citibank National Association,E100000000019,Origin Energy Ltd,1
E100000181249,Citibank National Association,E100000137427,Woodside Energy Ltd,1
E100000181249,Citibank National Association,E100001014703,APA Ethane Pty Ltd,1
E100000181249,Citibank National Association,E100001015668,PEL 91,1
E100000181249,Citibank National Association,E100001015672,PNG LNG Inc,1
E100000181249,Citibank National Association,E100001016013,W.A.G. Pipeline Pty Ltd,1
E100000188403,ONGC,E100001016002,Vankorneft JSC,1
E100000192363,Sinopec,E100001015839,PetroChina Canada Ltd,1
E100000192367,Sinopec Corp,E100001015839,PetroChina Canada Ltd,1
E100000192495,ONGC-Videsh,E100001015281,Mansarovar Energy Colombia Ltd,1
E100000192496,SINOPEC,E100001015281,Mansarovar Energy Colombia Ltd,1
E100000192528,CITIC Securities,E100001015839,PetroChina Canada Ltd,1
E100000192563,Oil India Limited Consortium,E100001016002,Vankorneft JSC,1
E100001000008,Government of Algeria,E100001015806,Transportadora de Gas del Perú SA,1
E100001000084,Government of Indonesia,E100001014154,Etablissements Maurel & Prom SA,1
E100001000084,Government of Indonesia,E100001015679,PT Pertamina Gas Negara Tbk,1
E100001000085,Government of Norway,E100000000766,Equinor ASA,1
E100001000085,Government of Norway,E100000001607,Ørsted A/S,1
E100001000085,Government of Norway,E100001014266,Baku-Tbilisi-Ceyhan Pipeline Co,1
E100001000085,Government of Norway,E100001014305,Brae Group,1
E100001000085,Government of Norway,E100001014692,Equinor Energy AS,1
E100001000086,State-owned Assets Supervision and Administration Commission,E100001014529,Hellenic Gas Transmission System Operator SA,1
E100001000088,Government of South Africa,E100001015969,Transnet SOC Ltd,1
E100001000090,Ministry of Energy (Romania),E100001014502,Conpet SA,1
E100001000094,Government of Russia,E100000000874,Rosneft PJSC,1
E100001000094,Government of Russia,E100000121263,Naftna Industrija Srbije AD,1
E100001000094,Government of Russia,E100001000094,Government of Russia,1
E100001000094,Government of Russia,E100001016002,Vankorneft JSC,1
E100001000094,Government of Russia,E100001016003,Verkhnechonskneftegaz JSC,1
E100001000094,Government of Russia,E100002008081,Transneft-Prikamye JSC,1
E100001000095,Emirate of Abu Dhabi (United Arab Emirates),E100000001078,Abu Dhabi National Energy Company PJSC,1
E100001000095,Emirate of Abu Dhabi (United Arab Emirates),E100001014027,Abu Dhabi Crude Oil Pipeline LLC,1
E100001000095,Emirate of Abu Dhabi (United Arab Emirates),E100001014343,CEPSA Colombia SA,1
E100001000095,Emirate of Abu Dhabi (United Arab Emirates),E100001015636,OMV (Norge) AS,1
E100001000095,Emirate of Abu Dhabi (United Arab Emirates),E100001015693,Pak-Arab Pipeline Co Ltd,1
E100001000147,Ministry of Petroleum and Mineral Resources (Egypt),E100001016016,Western Desert Operating Petroleum Co,1
E100001000148,Government of Egypt,E100001016016,Western Desert Operating Petroleum Co,1
E100001000178,The Master Trust Bank of Japan Ltd,E100000000645,Japan Petroleum Exploration Co,1
E100001000179,Custody Bank of Japan Ltd,E100000000645,Japan Petroleum Exploration Co,1
E100001000194,Government of Panama,E100001015830,Petroterminal de Panama SA,1
E100001000197,Government of Kazakhstan,E100001000197,Government of Kazakhstan,1
E100001000197,Government of Kazakhstan,E100001015190,KMG International NV,1
E100001000198,Government of Saudi Arabia,E100000003600,Motiva Enterprises LLC,1
E100001000198,Government of Saudi Arabia,E100001014136,Aramco Gulf Operations Co Ltd,1
E100001000201,City of Munich,E100001014305,Brae Group,1
E100001000250,Government of Azerbaijan,E100001000250,Government of Azerbaijan,1
E100001000264,Government of Hungary,E100001014266,Baku-Tbilisi-Ceyhan Pipeline Co,1
E100001000264,Government of Hungary,E100002004536,IES Italiana Energia e Servizi SpA,1
E100001000265,Government of Trinidad and Tobago,E100001015428,National Gas Company of Trinidad and Tobago Ltd,1
E100001000270,Federal Agency for State Property Management (Russia),E100000121263,Naftna Industrija Srbije AD,1
E100001000270,Federal Agency for State Property Management (Russia),E100001016002,Vankorneft JSC,1
E100001000270,Federal Agency for State Property Management (Russia),E100001016003,Verkhnechonskneftegaz JSC,1
E100001000278,Government of Iraq,E100000001354,Ministry of Electricity (Iraq),1
E100001000295,Government of Tunisia,E100001014690,Entreprise Tunisienne d'Activités Pétrolières,1
E100001000306,Republic of Tatarstan,E100000000881,Tatneft PJSC,1
E100001000311,Government of Brazil,E100002004332,Compañía Mega SA,1
E100001000312,BNDES Participações SA,E100002004332,Compañía Mega SA,1
E100001000313,Brazilian Development Bank,E100002004332,Compañía Mega SA,1
E100001000314,"Ministério do Desenvolvimento, Indústria, Comércio e Serviços (Brasil)",E100002004332,Compañía Mega SA,1
E100001000328,HKSCC Nominees Ltd,E100001015839,PetroChina Canada Ltd,1
E100001000330,Qatar Holding LLC,E100001015405,Norilsktransgaz JSC,1
E100001000330,Qatar Holding LLC,E100001016002,Vankorneft JSC,1
E100001000330,Qatar Holding LLC,E100001016003,Verkhnechonskneftegaz JSC,1
E100001000333,Multiply Group PJSC,E100000001078,Abu Dhabi National Energy Company PJSC,1
E100001000346,Invesco Ltd,E100001014873,Grand Mesa Pipeline LLC,1
E100001000348,BlackRock Inc,E100000000645,Japan Petroleum Exploration Co,1
E100001000348,BlackRock Inc,E100000000975,Iberdrola SA,1
E100001000348,BlackRock Inc,E100000001247,KKR & Co. Inc,1
E100001000348,BlackRock Inc,E100000137427,Woodside Energy Ltd,1
E100001000348,BlackRock Inc,E100001014264,Tesoro High Plains Pipeline Company LLC,1
E100001000348,BlackRock Inc,E100001014266,Baku-Tbilisi-Ceyhan Pipeline Co,1
E100001000348,BlackRock Inc,E100001014305,Brae Group,1
E100001000348,BlackRock Inc,E100001014343,CEPSA Colombia SA,1
E100001000348,BlackRock Inc,E100001014499,ConocoPhillips Alaska Inc,1
E100001000348,BlackRock Inc,E100001014500,ConocoPhillips Skandinavia AS,1
E100001000348,BlackRock Inc,E100001014501,ConocoPhillips Transportation Alaska Inc,1
E100001000348,BlackRock Inc,E100001014529,Hellenic Gas Transmission System Operator SA,1
E100001000348,BlackRock Inc,E100001014572,Delek US Holdings Inc,1
E100001000348,BlackRock Inc,E100001014582,Diamondback Energy Inc,1
E100001000348,BlackRock Inc,E100001014627,East African Crude Oil Pipeline Ltd,1
E100001000348,BlackRock Inc,E100001014673,Endymion Oil Pipeline Company LLC,1
E100001000348,BlackRock Inc,E100001014703,APA Ethane Pty Ltd,1
E100001000348,BlackRock Inc,E100001014728,ExxonMobil Pipeline Co,1
E100001000348,BlackRock Inc,E100001014854,Gibson Energy Inc,1
E100001000348,BlackRock Inc,E100001014873,Grand Mesa Pipeline LLC,1
E100001000348,BlackRock Inc,E100001014875,Gray Oak Pipeline LLC,1
E100001000348,BlackRock Inc,E100001015011,Hiland Crude LLC,1
E100001000348,BlackRock Inc,E100001015053,Illinois Extension Pipeline Company LLC,1
E100001000348,BlackRock Inc,E100001015112,Iron Horse Pipeline LLC,1
E100001000348,BlackRock Inc,E100001015113,Powder River Gateway LLC,1
E100001000348,BlackRock Inc,E100001015210,LOCAP LLC,1
E100001000348,BlackRock Inc,E100001015211,LOOP LLC,1
E100001000348,BlackRock Inc,E100001015260,Kinder Morgan Crude & Condensate LLC,1
E100001000348,BlackRock Inc,E100001015282,Kinder Morgan Freedom Pipeline LLC,1
E100001000348,BlackRock Inc,E100001015288,Mardi Gras Transportation System Co LLC,1
E100001000348,BlackRock Inc,E100001015289,Mars Oil Pipeline Company LLC,1
E100001000348,BlackRock Inc,E100001015294,Medallion Pipeline Company LLC,1
E100001000348,BlackRock Inc,E100001015327,Mobil Exploration Norway Inc,1
E100001000348,BlackRock Inc,E100001015384,Seahorse Pipeline LLC,1
E100001000348,BlackRock Inc,E100001015405,Norilsktransgaz JSC,1
E100001000348,BlackRock Inc,E100001015520,NES Midstream LLC,1
E100001000348,BlackRock Inc,E100001015667,PBF Logistics LP,1
E100001000348,BlackRock Inc,E100001015668,PEL 91,1
E100001000348,BlackRock Inc,E100001015672,PNG LNG Inc,1
E100001000348,BlackRock Inc,E100001015806,Transportadora de Gas del Perú SA,1
E100001000348,BlackRock Inc,E100001015844,Pilgrim Pipelines Holdings LLC,1
E100001000348,BlackRock Inc,E100001015858,Products (SE) Pipe Line Corp,1
E100001000348,BlackRock Inc,E100001015869,Point Thomson Export Pipeline LLC,1
E100001000348,BlackRock Inc,E100001015911,TotalEnergies E&P UK Ltd,1
E100001000348,BlackRock Inc,E100001015912,Proteus Oil Pipeline Company LLC,1
E100001000348,BlackRock Inc,E100001015918,TotalEnergies EP Nigeria Ltd,1
E100001000348,BlackRock Inc,E100001015998,Unocal Argentina Ltda,1
E100001000348,BlackRock Inc,E100001016002,Vankorneft JSC,1
E100001000348,BlackRock Inc,E100001016003,Verkhnechonskneftegaz JSC,1
E100001000348,BlackRock Inc,E100001016013,W.A.G. Pipeline Pty Ltd,1
E100001000348,BlackRock Inc,E100002001388,Black Lake Pipeline Co,1
E100001000348,BlackRock Inc,E100002004063,Chevron Phillips Chemical Company LLC,1
E100001000348,BlackRock Inc,E100002004327,Liquigas Ltd,1
E100001000348,BlackRock Inc,E100002004332,Compañía Mega SA,1
E100001000348,BlackRock Inc,E100002004369,Navigator Borger Express LLC,1
E100001000348,BlackRock Inc,E100002004383,OneOK NGL Pipeline LLC,1
E100001000348,BlackRock Inc,E100002004435,Phillips 66 Pipeline LLC,1
E100001000348,BlackRock Inc,E100002004459,Seadrift Pipeline LLC,1
E100001000348,BlackRock Inc,E100002004494,Skelly-Belvieu Pipeline Company LLC,1
E100001000370,Government of Pakistan,E100001015693,Pak-Arab Pipeline Co Ltd,1
E100001000382,Nippon Life Insurance Co,E100000000645,Japan Petroleum Exploration Co,1
E100001000397,Government of India,E100000001916,HPCL-Mittal Energy Ltd,1
E100001000397,Government of India,E100001014879,Greater Nile Petroleum Operating Co Ltd,1
E100001000397,Government of India,E100001015281,Mansarovar Energy Colombia Ltd,1
E100001000397,Government of India,E100001016002,Vankorneft JSC,1
E100001000397,Government of India,E100002001297,Adani Ports and Special Economic Zone Ltd,1
E100001000400,Glencore PLC,E100001015405,Norilsktransgaz JSC,1
E100001000450,Government of Greece,E100001014529,Hellenic Gas Transmission System Operator SA,1
E100001000514,State Grid Corporation of China,E100001014529,Hellenic Gas Transmission System Operator SA,1
E100001000520,Life Insurance Corporation of India Ltd,E100000001916,HPCL-Mittal Energy Ltd,1
E100001000520,Life Insurance Corporation of India Ltd,E100001014879,Greater Nile Petroleum Operating Co Ltd,1
E100001000520,Life Insurance Corporation of India Ltd,E100001015281,Mansarovar Energy Colombia Ltd,1
E100001000520,Life Insurance Corporation of India Ltd,E100001016002,Vankorneft JSC,1
E100001000520,Life Insurance Corporation of India Ltd,E100002001297,Adani Ports and Special Economic Zone Ltd,1
E100001000615,Guaranty Nominees Ltd,E100001014266,Baku-Tbilisi-Ceyhan Pipeline Co,1
E100001000615,Guaranty Nominees Ltd,E100001014673,Endymion Oil Pipeline Company LLC,1
E100001000615,Guaranty Nominees Ltd,E100001015288,Mardi Gras Transportation System Co LLC,1
E100001000615,Guaranty Nominees Ltd,E100001015289,Mars Oil Pipeline Company LLC,1
E100001000615,Guaranty Nominees Ltd,E100001015912,Proteus Oil Pipeline Company LLC,1
E100001000615,Guaranty Nominees Ltd,E100001016002,Vankorneft JSC,1
E100001000615,Guaranty Nominees Ltd,E100001016003,Verkhnechonskneftegaz JSC,1
E100001000616,Government of Cambodia,E100001000616,Government of Cambodia,1
E100001000730,National Pension Service (South Korea),E100001015617,Shinhan Financial Group Co Ltd,1
E100001000745,Government of Bulgaria,E100001015849,Technoexportstroy EAD,1
E100001000752,Tecpetrol Internacional SL,E100000004170,Tecpetrol SA,1
E100001000845,Norinco,E100000122509,North Huajin Chemical Industries Group Corp,1
E100001000901,The Capital Group Companies Inc,E100000000118,Inter Pipeline Ltd,1
E100001000901,The Capital Group Companies Inc,E100000149640,Savannah Energy PLC,1
E100001000901,The Capital Group Companies Inc,E100001014343,CEPSA Colombia SA,1
E100001000901,The Capital Group Companies Inc,E100001014357,CNR International (UK) Ltd,1
E100001000901,The Capital Group Companies Inc,E100001014399,Lotus Midstream Operations LLC,1
E100001000901,The Capital Group Companies Inc,E100001014482,Cold Lake Pipeline LP,1
E100001000901,The Capital Group Companies Inc,E100001015405,Norilsktransgaz JSC,1
E100001000901,The Capital Group Companies Inc,E100001015596,Northstar Holdco Energy LLC,1
E100001001041,Ministry of State Treasury (Poland),E100002004375,ORLEN Lietuva AB,1
E100001010007,Sual Partners Ltd,E100001015405,Norilsktransgaz JSC,1
E100001010042,Ministry of Finance (Kazakhstan),E100001015190,KMG International NV,1
E100001010426,Government of Uzbekistan,E100001015999,Uzbekneftegaz JSC,1
E100001010427,HSBC Custody Nominees (Australia) Ltd,E100000137427,Woodside Energy Ltd,1
E100001010427,HSBC Custody Nominees (Australia) Ltd,E100001014703,APA Ethane Pty Ltd,1
E100001010427,HSBC Custody Nominees (Australia) Ltd,E100001015668,PEL 91,1
E100001010427,HSBC Custody Nominees (Australia) Ltd,E100001015672,PNG LNG Inc,1
E100001010427,HSBC Custody Nominees (Australia) Ltd,E100001016013,W.A.G. Pipeline Pty Ltd,1
E100001010428,JP Morgan Nominees Australia Pty Ltd,E100000137427,Woodside Energy Ltd,1
E100001010428,JP Morgan Nominees Australia Pty Ltd,E100001014703,APA Ethane Pty Ltd,1
E100001010428,JP Morgan Nominees Australia Pty Ltd,E100001015668,PEL 91,1
E100001010428,JP Morgan Nominees Australia Pty Ltd,E100001015672,PNG LNG Inc,1
E100001010428,JP Morgan Nominees Australia Pty Ltd,E100001016013,W.A.G. Pipeline Pty Ltd,1
E100001010429,Citicorp Nominees Pty Ltd,E100000137427,Woodside Energy Ltd,1
E100001010429,Citicorp Nominees Pty Ltd,E100001014703,APA Ethane Pty Ltd,1
E100001010429,Citicorp Nominees Pty Ltd,E100001015668,PEL 91,1
E100001010429,Citicorp Nominees Pty Ltd,E100001015672,PNG LNG Inc,1
E100001010429,Citicorp Nominees Pty Ltd,E100001016013,W.A.G. Pipeline Pty Ltd,1
E100001010442,Glencore Group Funding Ltd,E100001015405,Norilsktransgaz JSC,1
E100001010582,Government of Ethiopia,E100001014704,Ministry of Mines and Petroleum (Ethiopia),1
E100001010595,The Vanguard Group Inc,E100000000645,Japan Petroleum Exploration Co,1
E100001010595,The Vanguard Group Inc,E100000000975,Iberdrola SA,1
E100001010595,The Vanguard Group Inc,E100000001247,KKR & Co. Inc,1
E100001010595,The Vanguard Group Inc,E100000137427,Woodside Energy Ltd,1
E100001010595,The Vanguard Group Inc,E100001014264,Tesoro High Plains Pipeline Company LLC,1
E100001010595,The Vanguard Group Inc,E100001014266,Baku-Tbilisi-Ceyhan Pipeline Co,1
E100001010595,The Vanguard Group Inc,E100001014305,Brae Group,1
E100001010595,The Vanguard Group Inc,E100001014343,CEPSA Colombia SA,1
E100001010595,The Vanguard Group Inc,E100001014499,ConocoPhillips Alaska Inc,1
E100001010595,The Vanguard Group Inc,E100001014500,ConocoPhillips Skandinavia AS,1
E100001010595,The Vanguard Group Inc,E100001014501,ConocoPhillips Transportation Alaska Inc,1
E100001010595,The Vanguard Group Inc,E100001014529,Hellenic Gas Transmission System Operator SA,1
E100001010595,The Vanguard Group Inc,E100001014572,Delek US Holdings Inc,1
E100001010595,The Vanguard Group Inc,E100001014582,Diamondback Energy Inc,1
E100001010595,The Vanguard Group Inc,E100001014627,East African Crude Oil Pipeline Ltd,1
E100001010595,The Vanguard Group Inc,E100001014673,Endymion Oil Pipeline Company LLC,1
E100001010595,The Vanguard Group Inc,E100001014703,APA Ethane Pty Ltd,1
E100001010595,The Vanguard Group Inc,E100001014728,ExxonMobil Pipeline Co,1
E100001010595,The Vanguard Group Inc,E100001014854,Gibson Energy Inc,1
E100001010595,The Vanguard Group Inc,E100001014873,Grand Mesa Pipeline LLC,1
E100001010595,The Vanguard Group Inc,E100001014875,Gray Oak Pipeline LLC,1
E100001010595,The Vanguard Group Inc,E100001015011,Hiland Crude LLC,1
E100001010595,The Vanguard Group Inc,E100001015053,Illinois Extension Pipeline Company LLC,1
E100001010595,The Vanguard Group Inc,E100001015112,Iron Horse Pipeline LLC,1
E100001010595,The Vanguard Group Inc,E100001015113,Powder River Gateway LLC,1
E100001010595,The Vanguard Group Inc,E100001015210,LOCAP LLC,1
E100001010595,The Vanguard Group Inc,E100001015211,LOOP LLC,1
E100001010595,The Vanguard Group Inc,E100001015260,Kinder Morgan Crude & Condensate LLC,1
E100001010595,The Vanguard Group Inc,E100001015282,Kinder Morgan Freedom Pipeline LLC,1
E100001010595,The Vanguard Group Inc,E100001015288,Mardi Gras Transportation System Co LLC,1
E100001010595,The Vanguard Group Inc,E100001015289,Mars Oil Pipeline Company LLC,1
E100001010595,The Vanguard Group Inc,E100001015294,Medallion Pipeline Company LLC,1
E100001010595,The Vanguard Group Inc,E100001015327,Mobil Exploration Norway Inc,1
E100001010595,The Vanguard Group Inc,E100001015384,Seahorse Pipeline LLC,1
E100001010595,The Vanguard Group Inc,E100001015405,Norilsktransgaz JSC,1
E100001010595,The Vanguard Group Inc,E100001015576,ConocoPhillips Norge Nuf,1
E100001010595,The Vanguard Group Inc,E100001015667,PBF Logistics LP,1
E100001010595,The Vanguard Group Inc,E100001015668,PEL 91,1
E100001010595,The Vanguard Group Inc,E100001015672,PNG LNG Inc,1
E100001010595,The Vanguard Group Inc,E100001015806,Transportadora de Gas del Perú SA,1
E100001010595,The Vanguard Group Inc,E100001015844,Pilgrim Pipelines Holdings LLC,1
E100001010595,The Vanguard Group Inc,E100001015858,Products (SE) Pipe Line Corp,1
E100001010595,The Vanguard Group Inc,E100001015869,Point Thomson Export Pipeline LLC,1
E100001010595,The Vanguard Group Inc,E100001015911,TotalEnergies E&P UK Ltd,1
E100001010595,The Vanguard Group Inc,E100001015912,Proteus Oil Pipeline Company LLC,1
E100001010595,The Vanguard Group Inc,E100001015918,TotalEnergies EP Nigeria Ltd,1
E100001010595,The Vanguard Group Inc,E100001015923,TotalEnergies EP Norge AS,1
E100001010595,The Vanguard Group Inc,E100001015998,Unocal Argentina Ltda,1
E100001010595,The Vanguard Group Inc,E100001016002,Vankorneft JSC,1
E100001010595,The Vanguard Group Inc,E100001016003,Verkhnechonskneftegaz JSC,1
E100001010595,The Vanguard Group Inc,E100001016013,W.A.G. Pipeline Pty Ltd,1
E100001010595,The Vanguard Group Inc,E100002001388,Black Lake Pipeline Co,1
E100001010595,The Vanguard Group Inc,E100002004063,Chevron Phillips Chemical Company LLC,1
E100001010595,The Vanguard Group Inc,E100002004327,Liquigas Ltd,1
E100001010595,The Vanguard Group Inc,E100002004332,Compañía Mega SA,1
E100001010595,The Vanguard Group Inc,E100002004369,Navigator Borger Express LLC,1
E100001010595,The Vanguard Group Inc,E100002004383,OneOK NGL Pipeline LLC,1
E100001010595,The Vanguard Group Inc,E100002004435,Phillips 66 Pipeline LLC,1
E100001010595,The Vanguard Group Inc,E100002004459,Seadrift Pipeline LLC,1
E100001010595,The Vanguard Group Inc,E100002004494,Skelly-Belvieu Pipeline Company LLC,1
E100001010596,State Street Corp,E100000000019,Origin Energy Ltd,1
E100001010596,State Street Corp,E100000000645,Japan Petroleum Exploration Co,1
E100001010596,State Street Corp,E100000137427,Woodside Energy Ltd,1
E100001010596,State Street Corp,E100001011267,Hess Corp,1
E100001010596,State Street Corp,E100001014264,Tesoro High Plains Pipeline Company LLC,1
E100001010596,State Street Corp,E100001014499,ConocoPhillips Alaska Inc,1
E100001010596,State Street Corp,E100001014500,ConocoPhillips Skandinavia AS,1
E100001010596,State Street Corp,E100001014501,ConocoPhillips Transportation Alaska Inc,1
E100001010596,State Street Corp,E100001014673,Endymion Oil Pipeline Company LLC,1
E100001010596,State Street Corp,E100001014703,APA Ethane Pty Ltd,1
E100001010596,State Street Corp,E100001014728,ExxonMobil Pipeline Co,1
E100001010596,State Street Corp,E100001014875,Gray Oak Pipeline LLC,1
E100001010596,State Street Corp,E100001015011,Hiland Crude LLC,1
E100001010596,State Street Corp,E100001015053,Illinois Extension Pipeline Company LLC,1
E100001010596,State Street Corp,E100001015210,LOCAP LLC,1
E100001010596,State Street Corp,E100001015211,LOOP LLC,1
E100001010596,State Street Corp,E100001015260,Kinder Morgan Crude & Condensate LLC,1
E100001010596,State Street Corp,E100001015282,Kinder Morgan Freedom Pipeline LLC,1
E100001010596,State Street Corp,E100001015294,Medallion Pipeline Company LLC,1
E100001010596,State Street Corp,E100001015327,Mobil Exploration Norway Inc,1
E100001010596,State Street Corp,E100001015576,ConocoPhillips Norge Nuf,1
E100001010596,State Street Corp,E100001015672,PNG LNG Inc,1
E100001010596,State Street Corp,E100001015858,Products (SE) Pipe Line Corp,1
E100001010596,State Street Corp,E100001015869,Point Thomson Export Pipeline LLC,1
E100001010596,State Street Corp,E100001015998,Unocal Argentina Ltda,1
E100001010596,State Street Corp,E100001016002,Vankorneft JSC,1
E100001010596,State Street Corp,E100001016003,Verkhnechonskneftegaz JSC,1
E100001010596,State Street Corp,E100002001388,Black Lake Pipeline Co,1
E100001010596,State Street Corp,E100002004063,Chevron Phillips Chemical Company LLC,1
E100001010596,State Street Corp,E100002004332,Compañía Mega SA,1
E100001010596,State Street Corp,E100002004383,OneOK NGL Pipeline LLC,1
E100001010596,State Street Corp,E100002004435,Phillips 66 Pipeline LLC,1
E100001010596,State Street Corp,E100002004459,Seadrift Pipeline LLC,1
E100001010596,State Street Corp,E100002004494,Skelly-Belvieu Pipeline Company LLC,1
E100001010643,Government of Malaysia,E100000000702,Petroliam Nasional Bhd,1
E100001010643,Government of Malaysia,E100001014879,Greater Nile Petroleum Operating Co Ltd,1
E100001010705,Capital World Investors,E100000000118,Inter Pipeline Ltd,1
E100001010705,Capital World Investors,E100001014343,CEPSA Colombia SA,1
E100001010705,Capital World Investors,E100001014482,Cold Lake Pipeline LP,1
E100001010705,Capital World Investors,E100001015596,Northstar Holdco Energy LLC,1
E100001010706,Capital International Investors,E100001014399,Lotus Midstream Operations LLC,1
E100001010707,Capital Research and Management Co,E100000000118,Inter Pipeline Ltd,1
E100001010707,Capital Research and Management Co,E100000149640,Savannah Energy PLC,1
E100001010707,Capital Research and Management Co,E100001014343,CEPSA Colombia SA,1
E100001010707,Capital Research and Management Co,E100001014357,CNR International (UK) Ltd,1
E100001010707,Capital Research and Management Co,E100001014399,Lotus Midstream Operations LLC,1
E100001010707,Capital Research and Management Co,E100001014482,Cold Lake Pipeline LP,1
E100001010707,Capital Research and Management Co,E100001015596,Northstar Holdco Energy LLC,1
E100001010756,Vedanta Inc,E100000121514,Vedanta Resources Ltd,1
E100001010774,PT Medco Daya Abadi Lestari,E100000000533,PT Medco Energi Internasional Tbk,1
E100001010860,RBC Global Asset Management Inc,E100001015208,Keyera Corp,1
E100001010861,Marquard & Bahls AG,E100001015655,Oiltanking GmbH,1
E100001010911,Baillie Gifford & Co,E100002008077,Valeura Energy Inc,1
E100001010913,Government of Denmark,E100000001607,Ørsted A/S,1
E100001010914,Andel AMBA,E100000001607,Ørsted A/S,1
E100001011044,Abu Dhabi Developmental Holding Company PJSC,E100000001078,Abu Dhabi National Energy Company PJSC,1
E100001011136,Government of Japan,E100000000645,Japan Petroleum Exploration Co,1
E100001011247,ConocoPhillips Corp,E100001014499,ConocoPhillips Alaska Inc,1
E100001011247,ConocoPhillips Corp,E100001014500,ConocoPhillips Skandinavia AS,1
E100001011247,ConocoPhillips Corp,E100001014501,ConocoPhillips Transportation Alaska Inc,1
E100001011277,Government of Uruguay,E100001014013,Administracion Nacional de Combustibles Alcohol y Portland,1
E100001011300,Gazprom Neft PJSC,E100000121263,Naftna Industrija Srbije AD,1
E100001011301,Government of Serbia,E100000121263,Naftna Industrija Srbije AD,1
E100001011301,Government of Serbia,E100001015743,Srbijagas JP,1
E100001011471,Government of Argentina,E100002004332,Compañía Mega SA,1
E100001011471,Government of Argentina,E100002004444,Refinor SA,1
E100001011511,Österreichische Beteiligungs AG,E100001015636,OMV (Norge) AS,1
E100001011559,Government of Chile,E100000001835,Empresa Nacional del Petróleo,1
E100001011559,Government of Chile,E100001014669,Enap Sipetrol SA,1
E100001011617,Meiji Yasuda Life Insurance Co,E100000000645,Japan Petroleum Exploration Co,1
E100001011838,Government of Chad,E100001011838,Government of Chad,1
E100001012038,Par Pacific Holdings Inc,E100001012038,Par Pacific Holdings Inc,1
E100001013560,Cassa Depositi e Prestiti SpA,E100001014266,Baku-Tbilisi-Ceyhan Pipeline Co,1
E100001013560,Cassa Depositi e Prestiti SpA,E100001014436,Chevron North Sea Ltd,1
E100001013560,Cassa Depositi e Prestiti SpA,E100001014529,Hellenic Gas Transmission System Operator SA,1
E100001013560,Cassa Depositi e Prestiti SpA,E100001015527,Eni Energy Group Ltd,1
E100001014013,Administracion Nacional de Combustibles Alcohol y Portland,E100001014013,Administracion Nacional de Combustibles Alcohol y Portland,1
E100001014066,Aiteo Ltd,E100001014065,Aiteo Eastern E&P Co Ltd,1
E100001014074,Alberta Investment Management Corp,E100001014074,Alberta Investment Management Corp,1
E100001014075,Province of Alberta,E100001014074,Alberta Investment Management Corp,1
E100001014108,GeoPark Ltd,E100001014104,Amerisur SA,1
E100001014140,Ares Partners Holdco LLC,E100001015370,Salt Creek Midstream LLC,1
E100001014140,Ares Partners Holdco LLC,E100001015844,Pilgrim Pipelines Holdings LLC,1
E100001014154,Etablissements Maurel & Prom SA,E100001014154,Etablissements Maurel & Prom SA,1
E100001014155,Gabon Oil Co,E100001014153,Assala Energy UK Ltd,1
E100001014223,Türkiye Petrolleri Anonim Ortakligi,E100001014266,Baku-Tbilisi-Ceyhan Pipeline Co,1
E100001014271,Azerbaijan (BTC) Ltd,E100001014266,Baku-Tbilisi-Ceyhan Pipeline Co,1
E100001014282,Enterprise Products Partners LP,E100001014281,Baymark Pipeline LLC,1
E100001014282,Enterprise Products Partners LP,E100001014424,Enterprise Midstream Companies LLC,1
E100001014282,Enterprise Products Partners LP,E100002001361,Tri-States NGL Pipeline LLC,1
E100001014282,Enterprise Products Partners LP,E100002004184,Dixie Pipeline Company LLC,1
E100001014282,Enterprise Products Partners LP,E100002004416,Panola Pipeline Company LLC,1
E100001014282,Enterprise Products Partners LP,E100002004494,Skelly-Belvieu Pipeline Company LLC,1
E100001014283,Beach Energy Ltd,E100001015668,PEL 91,1
E100001014283,Beach Energy Ltd,E100002008096,Delhi Petroleum Pty Ltd,1
E100001014284,Network Investment Holdings Pty Ltd,E100001015668,PEL 91,1
E100001014284,Network Investment Holdings Pty Ltd,E100002008096,Delhi Petroleum Pty Ltd,1
E100001014294,Energy Transfer LP,E100001014399,Lotus Midstream Operations LLC,1
E100001014299,Ergon Inc,E100001014298,Blueknight Energy Partners GP LLC,1
E100001014299,Ergon Inc,E100001014299,Ergon Inc,1
E100001014306,TAQA Bratani Ltd,E100001014305,Brae Group,1
E100001014312,Royal Bank of Canada,E100000000118,Inter Pipeline Ltd,1
E100001014312,Royal Bank of Canada,E100001014357,CNR International (UK) Ltd,1
E100001014312,Royal Bank of Canada,E100001014482,Cold Lake Pipeline LP,1
E100001014312,Royal Bank of Canada,E100001014670,Enbridge Frontier Inc,1
E100001014312,Royal Bank of Canada,E100001014875,Gray Oak Pipeline LLC,1
E100001014312,Royal Bank of Canada,E100001015053,Illinois Extension Pipeline Company LLC,1
E100001014312,Royal Bank of Canada,E100001015208,Keyera Corp,1
E100001014312,Royal Bank of Canada,E100001015671,PKM Cochin ULC,1
E100001014312,Royal Bank of Canada,E100001015894,Portland Pipe Line Corp,1
E100001014314,Bank of Montreal,E100000000118,Inter Pipeline Ltd,1
E100001014314,Bank of Montreal,E100001014482,Cold Lake Pipeline LP,1
E100001014315,1832 Asset Management LP,E100000000118,Inter Pipeline Ltd,1
E100001014315,1832 Asset Management LP,E100001014482,Cold Lake Pipeline LP,1
E100001014325,Plains All American Pipeline LP,E100001014362,Caddo Pipeline LLC,1
E100001014325,Plains All American Pipeline LP,E100001014523,Cushing Connect Pipeline & Terminal LLC,1
E100001014325,Plains All American Pipeline LP,E100001015855,Plains Midstream Canada ULC,1
E100001014325,Plains All American Pipeline LP,E100002010851,Pacific Pipeline System LLC,1
E100001014354,CNOOC Ltd,E100001014354,CNOOC Ltd,1
E100001014354,CNOOC Ltd,E100001014421,Chaoyang Petroleum (BVI) Ltd,1
E100001014354,CNOOC Ltd,E100001014627,East African Crude Oil Pipeline Ltd,1
E100001014363,Delek Logistics Partners LP,E100001014362,Caddo Pipeline LLC,1
E100001014432,Transneft PJSC,E100002008081,Transneft-Prikamye JSC,1
E100001014434,T. Rowe Price Investment Management Inc,E100001014399,Lotus Midstream Operations LLC,1
E100001014437,Ithaca Energy PLC,E100001014436,Chevron North Sea Ltd,1
E100001014502,Conpet SA,E100001014502,Conpet SA,1
E100001014505,Enagás SA,E100001014529,Hellenic Gas Transmission System Operator SA,1
E100001014505,Enagás SA,E100001015806,Transportadora de Gas del Perú SA,1
E100001014522,CorEnergy Infrastructure Trust Inc,E100001014521,Millux Holdings LLC,1
E100001014531,DAMCO Energy SA,E100001014529,Hellenic Gas Transmission System Operator SA,1
E100001014534,Snam SpA,E100001014529,Hellenic Gas Transmission System Operator SA,1
E100001014543,Capital Research Global Investors,E100001014399,Lotus Midstream Operations LLC,1
E100001014572,Delek US Holdings Inc,E100001014572,Delek US Holdings Inc,1
E100001014573,Dimensional Fund Advisors LP,E100001014572,Delek US Holdings Inc,1
E100001014573,Dimensional Fund Advisors LP,E100001015667,PBF Logistics LP,1
E100001014574,River Road Asset Management LLC,E100001014572,Delek US Holdings Inc,1
E100001014582,Diamondback Energy Inc,E100001014582,Diamondback Energy Inc,1
E100001014582,Diamondback Energy Inc,E100001015946,Rattler Midstream LP,1
E100001014628,Uganda National Oil Co,E100001014627,East African Crude Oil Pipeline Ltd,1
E100001014629,Tanzania Petroleum Development Corp,E100001014627,East African Crude Oil Pipeline Ltd,1
E100001014648,ALPS Advisors Inc,E100001014362,Caddo Pipeline LLC,1
E100001014648,ALPS Advisors Inc,E100001014523,Cushing Connect Pipeline & Terminal LLC,1
E100001014648,ALPS Advisors Inc,E100001014873,Grand Mesa Pipeline LLC,1
E100001014648,ALPS Advisors Inc,E100001015855,Plains Midstream Canada ULC,1
E100001014648,ALPS Advisors Inc,E100002010851,Pacific Pipeline System LLC,1
E100001014667,Sociedad Estatal de Participaciones Industriales,E100001014529,Hellenic Gas Transmission System Operator SA,1
E100001014667,Sociedad Estatal de Participaciones Industriales,E100001015806,Transportadora de Gas del Perú SA,1
E100001014681,Energy Income Partners LLC,E100001014362,Caddo Pipeline LLC,1
E100001014681,Energy Income Partners LLC,E100001014523,Cushing Connect Pipeline & Terminal LLC,1
E100001014681,Energy Income Partners LLC,E100001014681,Energy Income Partners LLC,1
E100001014681,Energy Income Partners LLC,E100001015855,Plains Midstream Canada ULC,1
E100001014681,Energy Income Partners LLC,E100002010851,Pacific Pipeline System LLC,1
E100001014689,Enterprise Products Co,E100001014281,Baymark Pipeline LLC,1
E100001014689,Enterprise Products Co,E100001014424,Enterprise Midstream Companies LLC,1
E100001014689,Enterprise Products Co,E100002001361,Tri-States NGL Pipeline LLC,1
E100001014689,Enterprise Products Co,E100002004184,Dixie Pipeline Company LLC,1
E100001014689,Enterprise Products Co,E100002004416,Panola Pipeline Company LLC,1
E100001014689,Enterprise Products Co,E100002004494,Skelly-Belvieu Pipeline Company LLC,1
E100001014690,Entreprise Tunisienne d'Activités Pétrolières,E100001014690,Entreprise Tunisienne d'Activités Pétrolières,1
E100001014704,Ministry of Mines and Petroleum (Ethiopia),E100001014704,Ministry of Mines and Petroleum (Ethiopia),1
E100001014713,Servet Investments SARL,E100001014712,Exolum Corporation SA,1
E100001014714,Borealis Spain Parent BV,E100001014712,Exolum Corporation SA,1
E100001014715,MEIF 5 Rey Holdings SL,E100001014712,Exolum Corporation SA,1
E100001014717,Vaugirard Infra SL,E100001014712,Exolum Corporation SA,1
E100001014718,Zubita Investments Holding BV,E100001014712,Exolum Corporation SA,1
E100001014719,Castillo Spanish Holdings LP,E100001014712,Exolum Corporation SA,1
E100001014854,Gibson Energy Inc,E100001014854,Gibson Energy Inc,1
E100001014855,M&G Investment Management Ltd,E100001014854,Gibson Energy Inc,1
E100001014859,Globaltec LLC,E100001014859,Globaltec LLC,1
E100001014862,Cobas Asset Management SGIIC SA,E100001014104,Amerisur SA,1
E100001014866,Government of China,E100000000173,China Petrochemical Corp,1
E100001014866,Government of China,E100001014421,Chaoyang Petroleum (BVI) Ltd,1
E100001014866,Government of China,E100001015281,Mansarovar Energy Colombia Ltd,1
E100001014871,Government of Tanzania,E100001014627,East African Crude Oil Pipeline Ltd,1
E100001014874,NGL Energy Partners LP,E100001014873,Grand Mesa Pipeline LLC,1
E100001014880,SUDAPET Co Ltd,E100001014879,Greater Nile Petroleum Operating Co Ltd,1
E100001014943,Mittal Energy Investments Pte Ltd,E100000001916,HPCL-Mittal Energy Ltd,1
E100001014950,Harvest Midstream Co,E100001015717,Paradigm Midstream LLC,1
E100001014954,EOG Resources Inc,E100001014953,Hawthorn Oil Transportation Inc,1
E100001015010,Saddle Butte Pipeline LLC,E100001015009,High Prairie Pipeline LLC,1
E100001015015,HF Sinclair Corp,E100001014523,Cushing Connect Pipeline & Terminal LLC,1
E100001015015,HF Sinclair Corp,E100001014524,Holly Energy Partners LP,1
E100001015015,HF Sinclair Corp,E100001014766,Frontier Aspen LLC,1
E100001015045,Santos Ltd,E100001015672,PNG LNG Inc,1
E100001015051,"Ministry of Economy, Trade & Industry (Japan)",E100000000645,Japan Petroleum Exploration Co,1
E100001015054,MPLX LP,E100001014264,Tesoro High Plains Pipeline Company LLC,1
E100001015054,MPLX LP,E100001015053,Illinois Extension Pipeline Company LLC,1
E100001015054,MPLX LP,E100001015210,LOCAP LLC,1
E100001015054,MPLX LP,E100001015211,LOOP LLC,1
E100001015106,Ministry of Petroleum (Iran),E100001015829,Petroleum Engineering and Development Co,1
E100001015111,INK-Capital CJSC,E100001015109,Irkutsk Oil Co LLC,1
E100001015137,FTAI Infrastructure Inc,E100001015136,Jefferson Gulf Coast Energy Partners LLC,1
E100001015201,National Bank of Kazakhstan,E100001015190,KMG International NV,1
E100001015208,Keyera Corp,E100001015208,Keyera Corp,1
E100001015274,MOL New Europe Foundation,E100001014266,Baku-Tbilisi-Ceyhan Pipeline Co,1
E100001015274,MOL New Europe Foundation,E100002004536,IES Italiana Energia e Servizi SpA,1
E100001015275,Mathias Corvinus Collegium Foundation,E100001014266,Baku-Tbilisi-Ceyhan Pipeline Co,1
E100001015275,Mathias Corvinus Collegium Foundation,E100002004536,IES Italiana Energia e Servizi SpA,1
E100001015276,Maecenas Universitatis Corvini Foundation,E100001014266,Baku-Tbilisi-Ceyhan Pipeline Co,1
E100001015276,Maecenas Universitatis Corvini Foundation,E100002004536,IES Italiana Energia e Servizi SpA,1
E100001015278,ONEOK Inc,E100001015294,Medallion Pipeline Company LLC,1
E100001015278,ONEOK Inc,E100002004383,OneOK NGL Pipeline LLC,1
E100001015291,PT Pertamina Internasional Eksplorasi dan Produksi,E100001014154,Etablissements Maurel & Prom SA,1
E100001015296,Diamond Bridge Pte Ltd,E100000000533,PT Medco Energi Internasional Tbk,1
E100001015353,United Energy Group Ltd,E100001015352,Kuwait Energy PLC,1
E100001015358,New Dawn Energy Ltd,E100001015357,L&M Energy Ltd,1
E100001015379,Ingalls & Snyder LLC,E100000149640,Savannah Energy PLC,1
E100001015380,TT International Investment Management LLP,E100000149640,Savannah Energy PLC,1
E100001015391,SGH Ltd,E100001015668,PEL 91,1
E100001015391,SGH Ltd,E100002008096,Delhi Petroleum Pty Ltd,1
E100001015428,National Gas Company of Trinidad and Tobago Ltd,E100001015428,National Gas Company of Trinidad and Tobago Ltd,1
E100001015545,New Zealand Energy Corp,E100001015545,New Zealand Energy Corp,1
E100001015587,small shareholder(s),E100000000118,Inter Pipeline Ltd,1
E100001015587,small shareholder(s),E100000000387,TotalEnergies SE,1
E100001015587,small shareholder(s),E100000000533,PT Medco Energi Internasional Tbk,1
E100001015587,small shareholder(s),E100000000645,Japan Petroleum Exploration Co,1
E100001015587,small shareholder(s),E100000000669,National Company KazMunayGas JSC,1
E100001015587,small shareholder(s),E100000000874,Rosneft PJSC,1
E100001015587,small shareholder(s),E100000000975,Iberdrola SA,1
E100001015587,small shareholder(s),E100000001078,Abu Dhabi National Energy Company PJSC,1
E100001015587,small shareholder(s),E100000001607,Ørsted A/S,1
E100001015587,small shareholder(s),E100000001764,Pan American Energy SL,1
E100001015587,small shareholder(s),E100000001916,HPCL-Mittal Energy Ltd,1
E100001015587,small shareholder(s),E100000133592,OQ Gas Networks SAOC,1
E100001015587,small shareholder(s),E100000137427,Woodside Energy Ltd,1
E100001015587,small shareholder(s),E100000149640,Savannah Energy PLC,1
E100001015587,small shareholder(s),E100001014136,Aramco Gulf Operations Co Ltd,1
E100001015587,small shareholder(s),E100001014154,Etablissements Maurel & Prom SA,1
E100001015587,small shareholder(s),E100001014264,Tesoro High Plains Pipeline Company LLC,1
E100001015587,small shareholder(s),E100001014266,Baku-Tbilisi-Ceyhan Pipeline Co,1
E100001015587,small shareholder(s),E100001014281,Baymark Pipeline LLC,1
E100001015587,small shareholder(s),E100001014305,Brae Group,1
E100001015587,small shareholder(s),E100001014343,CEPSA Colombia SA,1
E100001015587,small shareholder(s),E100001014354,CNOOC Ltd,1
E100001015587,small shareholder(s),E100001014362,Caddo Pipeline LLC,1
E100001015587,small shareholder(s),E100001014424,Enterprise Midstream Companies LLC,1
E100001015587,small shareholder(s),E100001014482,Cold Lake Pipeline LP,1
E100001015587,small shareholder(s),E100001014499,ConocoPhillips Alaska Inc,1
E100001015587,small shareholder(s),E100001014501,ConocoPhillips Transportation Alaska Inc,1
E100001015587,small shareholder(s),E100001014523,Cushing Connect Pipeline & Terminal LLC,1
E100001015587,small shareholder(s),E100001014572,Delek US Holdings Inc,1
E100001015587,small shareholder(s),E100001014582,Diamondback Energy Inc,1
E100001015587,small shareholder(s),E100001014627,East African Crude Oil Pipeline Ltd,1
E100001015587,small shareholder(s),E100001014649,EnQuest Heather Ltd,1
E100001015587,small shareholder(s),E100001014670,Enbridge Frontier Inc,1
E100001015587,small shareholder(s),E100001014673,Endymion Oil Pipeline Company LLC,1
E100001015587,small shareholder(s),E100001014692,Equinor Energy AS,1
E100001015587,small shareholder(s),E100001014703,APA Ethane Pty Ltd,1
E100001015587,small shareholder(s),E100001014712,Exolum Corporation SA,1
E100001015587,small shareholder(s),E100001014728,ExxonMobil Pipeline Co,1
E100001015587,small shareholder(s),E100001014854,Gibson Energy Inc,1
E100001015587,small shareholder(s),E100001014873,Grand Mesa Pipeline LLC,1
E100001015587,small shareholder(s),E100001014875,Gray Oak Pipeline LLC,1
E100001015587,small shareholder(s),E100001014879,Greater Nile Petroleum Operating Co Ltd,1
E100001015587,small shareholder(s),E100001015011,Hiland Crude LLC,1
E100001015587,small shareholder(s),E100001015053,Illinois Extension Pipeline Company LLC,1
E100001015587,small shareholder(s),E100001015112,Iron Horse Pipeline LLC,1
E100001015587,small shareholder(s),E100001015113,Powder River Gateway LLC,1
E100001015587,small shareholder(s),E100001015190,KMG International NV,1
E100001015587,small shareholder(s),E100001015208,Keyera Corp,1
E100001015587,small shareholder(s),E100001015210,LOCAP LLC,1
E100001015587,small shareholder(s),E100001015211,LOOP LLC,1
E100001015587,small shareholder(s),E100001015260,Kinder Morgan Crude & Condensate LLC,1
E100001015587,small shareholder(s),E100001015281,Mansarovar Energy Colombia Ltd,1
E100001015587,small shareholder(s),E100001015282,Kinder Morgan Freedom Pipeline LLC,1
E100001015587,small shareholder(s),E100001015288,Mardi Gras Transportation System Co LLC,1
E100001015587,small shareholder(s),E100001015289,Mars Oil Pipeline Company LLC,1
E100001015587,small shareholder(s),E100001015294,Medallion Pipeline Company LLC,1
E100001015587,small shareholder(s),E100001015384,Seahorse Pipeline LLC,1
E100001015587,small shareholder(s),E100001015405,Norilsktransgaz JSC,1
E100001015587,small shareholder(s),E100001015545,New Zealand Energy Corp,1
E100001015587,small shareholder(s),E100001015596,Northstar Holdco Energy LLC,1
E100001015587,small shareholder(s),E100001015606,OKEA ASA,1
E100001015587,small shareholder(s),E100001015612,Shell Pipeline Company LP,1
E100001015587,small shareholder(s),E100001015667,PBF Logistics LP,1
E100001015587,small shareholder(s),E100001015668,PEL 91,1
E100001015587,small shareholder(s),E100001015671,PKM Cochin ULC,1
E100001015587,small shareholder(s),E100001015672,PNG LNG Inc,1
E100001015587,small shareholder(s),E100001015679,PT Pertamina Gas Negara Tbk,1
E100001015587,small shareholder(s),E100001015693,Pak-Arab Pipeline Co Ltd,1
E100001015587,small shareholder(s),E100001015806,Transportadora de Gas del Perú SA,1
E100001015587,small shareholder(s),E100001015844,Pilgrim Pipelines Holdings LLC,1
E100001015587,small shareholder(s),E100001015855,Plains Midstream Canada ULC,1
E100001015587,small shareholder(s),E100001015858,Products (SE) Pipe Line Corp,1
E100001015587,small shareholder(s),E100001015869,Point Thomson Export Pipeline LLC,1
E100001015587,small shareholder(s),E100001015894,Portland Pipe Line Corp,1
E100001015587,small shareholder(s),E100001015911,TotalEnergies E&P UK Ltd,1
E100001015587,small shareholder(s),E100001015912,Proteus Oil Pipeline Company LLC,1
E100001015587,small shareholder(s),E100001015918,TotalEnergies EP Nigeria Ltd,1
E100001015587,small shareholder(s),E100001015942,NNK-Sakhalinmorneftegaz LLC,1
E100001015587,small shareholder(s),E100001016002,Vankorneft JSC,1
E100001015587,small shareholder(s),E100001016003,Verkhnechonskneftegaz JSC,1
E100001015587,small shareholder(s),E100001016013,W.A.G. Pipeline Pty Ltd,1
E100001015587,small shareholder(s),E100001016077,Wintershall Dea Norge AS,1
E100001015587,small shareholder(s),E100002001297,Adani Ports and Special Economic Zone Ltd,1
E100001015587,small shareholder(s),E100002001361,Tri-States NGL Pipeline LLC,1
E100001015587,small shareholder(s),E100002001388,Black Lake Pipeline Co,1
E100001015587,small shareholder(s),E100002004063,Chevron Phillips Chemical Company LLC,1
E100001015587,small shareholder(s),E100002004184,Dixie Pipeline Company LLC,1
E100001015587,small shareholder(s),E100002004327,Liquigas Ltd,1
E100001015587,small shareholder(s),E100002004332,Compañía Mega SA,1
E100001015587,small shareholder(s),E100002004369,Navigator Borger Express LLC,1
E100001015587,small shareholder(s),E100002004383,OneOK NGL Pipeline LLC,1
E100001015587,small shareholder(s),E100002004416,Panola Pipeline Company LLC,1
E100001015587,small shareholder(s),E100002004435,Phillips 66 Pipeline LLC,1
E100001015587,small shareholder(s),E100002004444,Refinor SA,1
E100001015587,small shareholder(s),E100002004459,Seadrift Pipeline LLC,1
E100001015587,small shareholder(s),E100002004494,Skelly-Belvieu Pipeline Company LLC,1
E100001015587,small shareholder(s),E100002004536,IES Italiana Energia e Servizi SpA,1
E100001015587,small shareholder(s),E100002008077,Valeura Energy Inc,1
E100001015587,small shareholder(s),E100002008081,Transneft-Prikamye JSC,1
E100001015587,small shareholder(s),E100002010851,Pacific Pipeline System LLC,1
E100001015600,ND Western Ltd,E100000004202,The Shell Petroleum Development Company of Nigeria Ltd,1
E100001015602,First Exploration & Petroleum Development Co Ltd,E100000004202,The Shell Petroleum Development Company of Nigeria Ltd,1
E100001015603,Waltersmith Petroman Oil Ltd,E100000004202,The Shell Petroleum Development Company of Nigeria Ltd,1
E100001015604,Petrolin Group,E100000004202,The Shell Petroleum Development Company of Nigeria Ltd,1
E100001015606,OKEA ASA,E100001015606,OKEA ASA,1
E100001015607,Aradel Holdings PLC,E100000004202,The Shell Petroleum Development Company of Nigeria Ltd,1
E100001015608,BCPR Pte Ltd,E100001015606,OKEA ASA,1
E100001015617,Shinhan Financial Group Co Ltd,E100001015617,Shinhan Financial Group Co Ltd,1
E100001015645,Oil Terminal SA,E100001015645,Oil Terminal SA,1
E100001015646,Tailwater Capital LLC,E100001015112,Iron Horse Pipeline LLC,1
E100001015646,Tailwater Capital LLC,E100001015113,Powder River Gateway LLC,1
E100001015646,Tailwater Capital LLC,E100001015115,Silver Creek Midstream LLC,1
E100001015646,Tailwater Capital LLC,E100001015875,TexStar Midstream Logistics LP,1
E100001015647,The Energy & Minerals Group,E100001015112,Iron Horse Pipeline LLC,1
E100001015647,The Energy & Minerals Group,E100001015113,Powder River Gateway LLC,1
E100001015647,The Energy & Minerals Group,E100001015115,Silver Creek Midstream LLC,1
E100001015648,Silver Creek Management LLC,E100001015112,Iron Horse Pipeline LLC,1
E100001015648,Silver Creek Management LLC,E100001015113,Powder River Gateway LLC,1
E100001015648,Silver Creek Management LLC,E100001015115,Silver Creek Midstream LLC,1
E100001015674,Kumul Petroleum (Kroton) Ltd,E100001015672,PNG LNG Inc,1
E100001015679,PT Pertamina Gas Negara Tbk,E100001015679,PT Pertamina Gas Negara Tbk,1
E100001015695,Pak-Arab Refinery Ltd,E100001015693,Pak-Arab Pipeline Co Ltd,1
E100001015696,Wafi Energy Pakistan Ltd,E100001015693,Pak-Arab Pipeline Co Ltd,1
E100001015697,Pakistan State Oil Co Ltd,E100001015693,Pak-Arab Pipeline Co Ltd,1
E100001015700,National Bank of Pakistan,E100001015693,Pak-Arab Pipeline Co Ltd,1
E100001015702,State Life Insurance Corporation of Pakistan Ltd,E100001015693,Pak-Arab Pipeline Co Ltd,1
E100001015743,Srbijagas JP,E100001015743,Srbijagas JP,1
E100001015759,Ministry of Energy and Mining (Sudan),E100001015759,Ministry of Energy and Mining (Sudan),1
E100001015800,Royal Trust Corporation of Canada,E100001014357,CNR International (UK) Ltd,1
E100001015831,NIC Holding Corp,E100001015830,Petroterminal de Panama SA,1
E100001015833,Blackrock Advisors LLC,E100000000645,Japan Petroleum Exploration Co,1
E100001015833,Blackrock Advisors LLC,E100000000975,Iberdrola SA,1
E100001015833,Blackrock Advisors LLC,E100000001247,KKR & Co. Inc,1
E100001015833,Blackrock Advisors LLC,E100000137427,Woodside Energy Ltd,1
E100001015833,Blackrock Advisors LLC,E100001014264,Tesoro High Plains Pipeline Company LLC,1
E100001015833,Blackrock Advisors LLC,E100001014266,Baku-Tbilisi-Ceyhan Pipeline Co,1
E100001015833,Blackrock Advisors LLC,E100001014305,Brae Group,1
E100001015833,Blackrock Advisors LLC,E100001014343,CEPSA Colombia SA,1
E100001015833,Blackrock Advisors LLC,E100001014499,ConocoPhillips Alaska Inc,1
E100001015833,Blackrock Advisors LLC,E100001014500,ConocoPhillips Skandinavia AS,1
E100001015833,Blackrock Advisors LLC,E100001014501,ConocoPhillips Transportation Alaska Inc,1
E100001015833,Blackrock Advisors LLC,E100001014529,Hellenic Gas Transmission System Operator SA,1
E100001015833,Blackrock Advisors LLC,E100001014572,Delek US Holdings Inc,1
E100001015833,Blackrock Advisors LLC,E100001014627,East African Crude Oil Pipeline Ltd,1
E100001015833,Blackrock Advisors LLC,E100001014673,Endymion Oil Pipeline Company LLC,1
E100001015833,Blackrock Advisors LLC,E100001014703,APA Ethane Pty Ltd,1
E100001015833,Blackrock Advisors LLC,E100001014728,ExxonMobil Pipeline Co,1
E100001015833,Blackrock Advisors LLC,E100001014854,Gibson Energy Inc,1
E100001015833,Blackrock Advisors LLC,E100001014873,Grand Mesa Pipeline LLC,1
E100001015833,Blackrock Advisors LLC,E100001014875,Gray Oak Pipeline LLC,1
E100001015833,Blackrock Advisors LLC,E100001015011,Hiland Crude LLC,1
E100001015833,Blackrock Advisors LLC,E100001015053,Illinois Extension Pipeline Company LLC,1
E100001015833,Blackrock Advisors LLC,E100001015112,Iron Horse Pipeline LLC,1
E100001015833,Blackrock Advisors LLC,E100001015113,Powder River Gateway LLC,1
E100001015833,Blackrock Advisors LLC,E100001015210,LOCAP LLC,1
E100001015833,Blackrock Advisors LLC,E100001015211,LOOP LLC,1
E100001015833,Blackrock Advisors LLC,E100001015260,Kinder Morgan Crude & Condensate LLC,1
E100001015833,Blackrock Advisors LLC,E100001015282,Kinder Morgan Freedom Pipeline LLC,1
E100001015833,Blackrock Advisors LLC,E100001015288,Mardi Gras Transportation System Co LLC,1
E100001015833,Blackrock Advisors LLC,E100001015289,Mars Oil Pipeline Company LLC,1
E100001015833,Blackrock Advisors LLC,E100001015294,Medallion Pipeline Company LLC,1
E100001015833,Blackrock Advisors LLC,E100001015327,Mobil Exploration Norway Inc,1
E100001015833,Blackrock Advisors LLC,E100001015384,Seahorse Pipeline LLC,1
E100001015833,Blackrock Advisors LLC,E100001015405,Norilsktransgaz JSC,1
E100001015833,Blackrock Advisors LLC,E100001015520,NES Midstream LLC,1
E100001015833,Blackrock Advisors LLC,E100001015667,PBF Logistics LP,1
E100001015833,Blackrock Advisors LLC,E100001015668,PEL 91,1
E100001015833,Blackrock Advisors LLC,E100001015672,PNG LNG Inc,1
E100001015833,Blackrock Advisors LLC,E100001015806,Transportadora de Gas del Perú SA,1
E100001015833,Blackrock Advisors LLC,E100001015844,Pilgrim Pipelines Holdings LLC,1
E100001015833,Blackrock Advisors LLC,E100001015858,Products (SE) Pipe Line Corp,1
E100001015833,Blackrock Advisors LLC,E100001015869,Point Thomson Export Pipeline LLC,1
E100001015833,Blackrock Advisors LLC,E100001015911,TotalEnergies E&P UK Ltd,1
E100001015833,Blackrock Advisors LLC,E100001015912,Proteus Oil Pipeline Company LLC,1
E100001015833,Blackrock Advisors LLC,E100001015918,TotalEnergies EP Nigeria Ltd,1
E100001015833,Blackrock Advisors LLC,E100001015998,Unocal Argentina Ltda,1
E100001015833,Blackrock Advisors LLC,E100001016002,Vankorneft JSC,1
E100001015833,Blackrock Advisors LLC,E100001016003,Verkhnechonskneftegaz JSC,1
E100001015833,Blackrock Advisors LLC,E100001016013,W.A.G. Pipeline Pty Ltd,1
E100001015833,Blackrock Advisors LLC,E100002001388,Black Lake Pipeline Co,1
E100001015833,Blackrock Advisors LLC,E100002004063,Chevron Phillips Chemical Company LLC,1
E100001015833,Blackrock Advisors LLC,E100002004327,Liquigas Ltd,1
E100001015833,Blackrock Advisors LLC,E100002004332,Compañía Mega SA,1
E100001015833,Blackrock Advisors LLC,E100002004369,Navigator Borger Express LLC,1
E100001015833,Blackrock Advisors LLC,E100002004383,OneOK NGL Pipeline LLC,1
E100001015833,Blackrock Advisors LLC,E100002004435,Phillips 66 Pipeline LLC,1
E100001015833,Blackrock Advisors LLC,E100002004459,Seadrift Pipeline LLC,1
E100001015833,Blackrock Advisors LLC,E100002004494,Skelly-Belvieu Pipeline Company LLC,1
E100001015849,Technoexportstroy EAD,E100001015849,Technoexportstroy EAD,1
E100001015850,Plains GP Holdings LP,E100001014362,Caddo Pipeline LLC,1
E100001015850,Plains GP Holdings LP,E100001014523,Cushing Connect Pipeline & Terminal LLC,1
E100001015850,Plains GP Holdings LP,E100001015855,Plains Midstream Canada ULC,1
E100001015850,Plains GP Holdings LP,E100002010851,Pacific Pipeline System LLC,1
E100001015852,Tortoise Capital Advisors LLC,E100001014362,Caddo Pipeline LLC,1
E100001015852,Tortoise Capital Advisors LLC,E100001014523,Cushing Connect Pipeline & Terminal LLC,1
E100001015852,Tortoise Capital Advisors LLC,E100001015855,Plains Midstream Canada ULC,1
E100001015852,Tortoise Capital Advisors LLC,E100002010851,Pacific Pipeline System LLC,1
E100001015866,Willow Tree SARL,E100001014721,ExxonMobil Exploration Argentina SRL,1
E100001015867,Century Holdings SARL,E100001014721,ExxonMobil Exploration Argentina SRL,1
E100001015868,Endurance Corporation SARL,E100001014721,ExxonMobil Exploration Argentina SRL,1
E100001015870,Hilcorp Energy Co,E100001014510,Cook Inlet Pipeline Co,1
E100001015870,Hilcorp Energy Co,E100001014947,Harvest Alaska LLC,1
E100001015870,Hilcorp Energy Co,E100001015869,Point Thomson Export Pipeline LLC,1
E100001015876,Mantucket Capital Management Corp,E100001015875,TexStar Midstream Logistics LP,1
E100001015969,Transnet SOC Ltd,E100001015969,Transnet SOC Ltd,1
E100001015988,BP Russian Investments Ltd,E100001016002,Vankorneft JSC,1
E100001015988,BP Russian Investments Ltd,E100001016003,Verkhnechonskneftegaz JSC,1
E100001015989,QH Oil Investments LLC,E100001016002,Vankorneft JSC,1
E100001015989,QH Oil Investments LLC,E100001016003,Verkhnechonskneftegaz JSC,1
E100001015991,National Settlement Depository JSC,E100001016002,Vankorneft JSC,1
E100001015991,National Settlement Depository JSC,E100001016003,Verkhnechonskneftegaz JSC,1
E100001015992,RN-NeftKapitalInvest LLC,E100001016002,Vankorneft JSC,1
E100001015992,RN-NeftKapitalInvest LLC,E100001016003,Verkhnechonskneftegaz JSC,1
E100001015999,Uzbekneftegaz JSC,E100001015999,Uzbekneftegaz JSC,1
E100001016083,Woodside Energy Group Ltd,E100000137427,Woodside Energy Ltd,1
E100001016125,Mitsubishi UFJ Trust and Banking Corp,E100000000645,Japan Petroleum Exploration Co,1
E100001016126,The Norinchukin Trust & Banking Co Ltd,E100000000645,Japan Petroleum Exploration Co,1
E100001016255,Sumitomo Mitsui Trust Group,E100000000645,Japan Petroleum Exploration Co,1
E100001016256,Resona Bank Ltd,E100000000645,Japan Petroleum Exploration Co,1
E100001016257,Asahi Mutual Life Insurance Co,E100000000645,Japan Petroleum Exploration Co,1
E100001016340,Adani Tradeline Pvt Ltd,E100002001297,Adani Ports and Special Economic Zone Ltd,1
E100001016341,Flourishing Trade And Investment Ltd,E100002001297,Adani Ports and Special Economic Zone Ltd,1
E100001016342,Emerging Market Investment DMCC,E100002001297,Adani Ports and Special Economic Zone Ltd,1
E100001016377,AustralianSuper Pty Ltd,E100000000019,Origin Energy Ltd,1
E100001016377,AustralianSuper Pty Ltd,E100000137427,Woodside Energy Ltd,1
E100001016380,Citigroup Pty Ltd,E100000000019,Origin Energy Ltd,1
E100001016380,Citigroup Pty Ltd,E100000137427,Woodside Energy Ltd,1
E100001016380,Citigroup Pty Ltd,E100001014703,APA Ethane Pty Ltd,1
E100001016380,Citigroup Pty Ltd,E100001015668,PEL 91,1
E100001016380,Citigroup Pty Ltd,E100001015672,PNG LNG Inc,1
E100001016380,Citigroup Pty Ltd,E100001016013,W.A.G. Pipeline Pty Ltd,1
E100001016390,HSBC Bank Australia Ltd,E100000137427,Woodside Energy Ltd,1
E100001016390,HSBC Bank Australia Ltd,E100001014703,APA Ethane Pty Ltd,1
E100001016390,HSBC Bank Australia Ltd,E100001015668,PEL 91,1
E100001016390,HSBC Bank Australia Ltd,E100001015672,PNG LNG Inc,1
E100001016390,HSBC Bank Australia Ltd,E100001016013,W.A.G. Pipeline Pty Ltd,1
E100001016398,M&G PLC,E100001014854,Gibson Energy Inc,1
E100001016492,Norinchukin Bank,E100000000645,Japan Petroleum Exploration Co,1
E100001016498,Mitsubishi UFJ Financial Group Inc,E100000000645,Japan Petroleum Exploration Co,1
E100001016577,NN Group NV,E100002004375,ORLEN Lietuva AB,1
E100001016645,T. Rowe Price Group Inc,E100001014399,Lotus Midstream Operations LLC,1
E100001016677,Government of Italy,E100001014266,Baku-Tbilisi-Ceyhan Pipeline Co,1
E100001016677,Government of Italy,E100001014436,Chevron North Sea Ltd,1
E100001016677,Government of Italy,E100001014529,Hellenic Gas Transmission System Operator SA,1
E100001016677,Government of Italy,E100001015527,Eni Energy Group Ltd,1
E100001016740,Government of Spain,E100001014529,Hellenic Gas Transmission System Operator SA,1
E100001016740,Government of Spain,E100001015806,Transportadora de Gas del Perú SA,1
E100001016771,Moscow Exchange MICEX-RTS PJSC,E100001016002,Vankorneft JSC,1
E100001016771,Moscow Exchange MICEX-RTS PJSC,E100001016003,Verkhnechonskneftegaz JSC,1
E100002000031,Dow Inc,E100002004332,Compañía Mega SA,1
E100002000031,Dow Inc,E100002004459,Seadrift Pipeline LLC,1
E100002000989,State Development Corporation VEB.RF,E100001016002,Vankorneft JSC,1
E100002000989,State Development Corporation VEB.RF,E100001016003,Verkhnechonskneftegaz JSC,1
E100002001293,Viva Energy Group Ltd,E100001016013,W.A.G. Pipeline Pty Ltd,1
E100002001297,Adani Ports and Special Economic Zone Ltd,E100002001297,Adani Ports and Special Economic Zone Ltd,1
E100002001399,Partners Value Investments LP,E100000000118,Inter Pipeline Ltd,1
E100002001399,Partners Value Investments LP,E100001014482,Cold Lake Pipeline LP,1
E100002001399,Partners Value Investments LP,E100001015596,Northstar Holdco Energy LLC,1
E100002001974,member/employee owned,E100000000019,Origin Energy Ltd,1
E100002001974,member/employee owned,E100000000118,Inter Pipeline Ltd,1
E100002001974,member/employee owned,E100000000645,Japan Petroleum Exploration Co,1
E100002001974,member/employee owned,E100000137427,Woodside Energy Ltd,1
E100002001974,member/employee owned,E100000149640,Savannah Energy PLC,1
E100002001974,member/employee owned,E100001014266,Baku-Tbilisi-Ceyhan Pipeline Co,1
E100002001974,member/employee owned,E100001014343,CEPSA Colombia SA,1
E100002001974,member/employee owned,E100001014399,Lotus Midstream Operations LLC,1
E100002001974,member/employee owned,E100001014482,Cold Lake Pipeline LP,1
E100002001974,member/employee owned,E100001014529,Hellenic Gas Transmission System Operator SA,1
E100002001974,member/employee owned,E100001014627,East African Crude Oil Pipeline Ltd,1
E100002001974,member/employee owned,E100001015405,Norilsktransgaz JSC,1
E100002001974,member/employee owned,E100001015596,Northstar Holdco Energy LLC,1
E100002001974,member/employee owned,E100001015911,TotalEnergies E&P UK Ltd,1
E100002001974,member/employee owned,E100001015918,TotalEnergies EP Nigeria Ltd,1
E100002003009,Norges Bank,E100001014305,Brae Group,1
E100002003400,M&G Fa Ltd,E100001014854,Gibson Energy Inc,1
E100002003401,M&G Group Ltd,E100001014854,Gibson Energy Inc,1
E100002003402,M&G Group Regulated Entity Holding Company Ltd,E100001014854,Gibson Energy Inc,1
E100002003405,Kingdom Holding Co,E100001014854,Gibson Energy Inc,1
E100002003407,Silchester International Investors LLP,E100001014854,Gibson Energy Inc,1
E100002004292,Dimensional Holdings LLC,E100001014572,Delek US Holdings Inc,1
E100002004292,Dimensional Holdings LLC,E100001015667,PBF Logistics LP,1
E100002004294,Dimensional Holdings Inc,E100001014572,Delek US Holdings Inc,1
E100002004294,Dimensional Holdings Inc,E100001015667,PBF Logistics LP,1
E100002004300,Brookfield Asset Management Ltd,E100001015596,Northstar Holdco Energy LLC,1
E100002004308,Publigaz SA,E100001014529,Hellenic Gas Transmission System Operator SA,1
E100002004326,Libyan Investment Authority,E100002004326,Libyan Investment Authority,1
E100002004330,Vector Ltd,E100002004327,Liquigas Ltd,1
E100002004378,State Street Global Advisors Inc,E100001015672,PNG LNG Inc,1
E100002004428,Zenith Energy U.S. GP LLC,E100001015120,JBBR Pipeline LLC,1
E100002004449,Hidrocarburos Del Norte SL,E100002004444,Refinor SA,1
E100002004454,API Holding SpA,E100002004453,Raffineria Padana Olii Minerali SARPOM SRL,1
E100002004457,CDP Reti SpA,E100001014529,Hellenic Gas Transmission System Operator SA,1
E100002004538,Central Bank of the Russian Federation,E100001016002,Vankorneft JSC,1
E100002004538,Central Bank of the Russian Federation,E100001016003,Verkhnechonskneftegaz JSC,1
E100002004539,Sberbank PJSC,E100001016002,Vankorneft JSC,1
E100002004539,Sberbank PJSC,E100001016003,Verkhnechonskneftegaz JSC,1
E100002004569,Korea Development Bank Co,E100000120689,KDB Infrastructure Investments Asset Management Co Ltd,1
E100002004661,Premier Miton Investors,E100000149640,Savannah Energy PLC,1
E100002004662,JO Hambro Capital Management Ltd,E100000149640,Savannah Energy PLC,1
E100002004663,Phoenix Life Ltd,E100000149640,Savannah Energy PLC,1
E100002004664,Cavendish Fiduciary (Jersey) Ltd,E100000149640,Savannah Energy PLC,1
E100002004958,CNOOC (BVI) Ltd,E100001014354,CNOOC Ltd,1
E100002004958,CNOOC (BVI) Ltd,E100001014421,Chaoyang Petroleum (BVI) Ltd,1
E100002004958,CNOOC (BVI) Ltd,E100001014627,East African Crude Oil Pipeline Ltd,1
E100002004959,Overseas Oil and Gas Corporation Ltd,E100001014354,CNOOC Ltd,1
E100002004959,Overseas Oil and Gas Corporation Ltd,E100001014421,Chaoyang Petroleum (BVI) Ltd,1
E100002004959,Overseas Oil and Gas Corporation Ltd,E100001014627,East African Crude Oil Pipeline Ltd,1
E100002004979,Ocean and Oil Development Partners Ltd,E100000003650,Nigerian Agip Oil Company Ltd,1
E100002005012,ENI UK Ltd,E100001014436,Chevron North Sea Ltd,1
E100002005039,EIG Asset Management LLC,E100001015806,Transportadora de Gas del Perú SA,1
E100002005290,Ministry of Treasury and Finance (Turkey),E100001014266,Baku-Tbilisi-Ceyhan Pipeline Co,1
E100002005467,Mingze Dongfang Investment Co Ltd,E100001015352,Kuwait Energy PLC,1
E100002005521,Compass Group LLC,E100001014104,Amerisur SA,1
E100002005522,Renaissance Technologies LLC,E100001014104,Amerisur SA,1
E100002005523,Socoservin Overseas SPF SARL,E100001014104,Amerisur SA,1
E100002005555,NNK-Group LLC,E100001015942,NNK-Sakhalinmorneftegaz LLC,1
E100002007653,Bp International Ltd,E100001016002,Vankorneft JSC,1
E100002007653,Bp International Ltd,E100001016003,Verkhnechonskneftegaz JSC,1
E100002007660,J.P. Morgan Capital Holdings Ltd,E100001014266,Baku-Tbilisi-Ceyhan Pipeline Co,1
E100002007660,J.P. Morgan Capital Holdings Ltd,E100001014673,Endymion Oil Pipeline Company LLC,1
E100002007660,J.P. Morgan Capital Holdings Ltd,E100001015288,Mardi Gras Transportation System Co LLC,1
E100002007660,J.P. Morgan Capital Holdings Ltd,E100001015289,Mars Oil Pipeline Company LLC,1
E100002007660,J.P. Morgan Capital Holdings Ltd,E100001015912,Proteus Oil Pipeline Company LLC,1
E100002007660,J.P. Morgan Capital Holdings Ltd,E100001016002,Vankorneft JSC,1
E100002007660,J.P. Morgan Capital Holdings Ltd,E100001016003,Verkhnechonskneftegaz JSC,1
E100002007728,Hv Invest Eta Ltd,E100001014305,Brae Group,1
E100002007863,Government of Austria,E100001015636,OMV (Norge) AS,1
E100002008077,Valeura Energy Inc,E100002008077,Valeura Energy Inc,1
E100002008079,Thoresen Thai Agencies PCL,E100002008077,Valeura Energy Inc,1
E100002008201,Vulcan Value Partners LLC,E100001014343,CEPSA Colombia SA,1
E100002011285,Resonac Holdings Corp,E100000000645,Japan Petroleum Exploration Co,1
E100002015130,JP Morgan Holdings Australia Pty Ltd,E100000137427,Woodside Energy Ltd,1
E100002015130,JP Morgan Holdings Australia Pty Ltd,E100001014703,APA Ethane Pty Ltd,1
E100002015130,JP Morgan Holdings Australia Pty Ltd,E100001015668,PEL 91,1
E100002015130,JP Morgan Holdings Australia Pty Ltd,E100001015672,PNG LNG Inc,1
E100002015130,JP Morgan Holdings Australia Pty Ltd,E100001016013,W.A.G. Pipeline Pty Ltd,1
E100002015131,JP Morgan International Finance Ltd,E100000137427,Woodside Energy Ltd,1
E100002015131,JP Morgan International Finance Ltd,E100001014703,APA Ethane Pty Ltd,1
E100002015131,JP Morgan International Finance Ltd,E100001015668,PEL 91,1
E100002015131,JP Morgan International Finance Ltd,E100001015672,PNG LNG Inc,1
E100002015131,JP Morgan International Finance Ltd,E100001016013,W.A.G. Pipeline Pty Ltd,1
E100002015132,JP Morgan International Inc,E100000137427,Woodside Energy Ltd,1
E100002015132,JP Morgan International Inc,E100001014703,APA Ethane Pty Ltd,1
E100002015132,JP Morgan International Inc,E100001015668,PEL 91,1
E100002015132,JP Morgan International Inc,E100001015672,PNG LNG Inc,1
E100002015132,JP Morgan International Inc,E100001016013,W.A.G. Pipeline Pty Ltd,1
E100002016408,Ministry of Finance (Russia),E100001016002,Vankorneft JSC,1
E100002016408,Ministry of Finance (Russia),E100001016003,Verkhnechonskneftegaz JSC,1
E100002016446,Holding Company Interros LLC,E100001015405,Norilsktransgaz JSC,1
E100002016448,MK Interros Invest LLC,E100001015405,Norilsktransgaz JSC,1
E100002016549,Entrust (New Zealand),E100002004327,Liquigas Ltd,1
E100002017432,OppenheimerFunds Inc,E100001014873,Grand Mesa Pipeline LLC,1
E100002017714,Charlestown Capital Advisors LLC,E100001015545,New Zealand Energy Corp,1
E100002018592,Mustang Fuel Corp,E100001014876,Great Salt Plains Midstream Holdings LLC,1
E100002019356,Bank of Nova Scotia,E100000000118,Inter Pipeline Ltd,1
E100002019356,Bank of Nova Scotia,E100001014482,Cold Lake Pipeline LP,1
E100002019433,EIP EP LLC,E100001014362,Caddo Pipeline LLC,1
E100002019433,EIP EP LLC,E100001014523,Cushing Connect Pipeline & Terminal LLC,1
E100002019433,EIP EP LLC,E100001014681,Energy Income Partners LLC,1
E100002019433,EIP EP LLC,E100001015855,Plains Midstream Canada ULC,1
E100002019433,EIP EP LLC,E100002010851,Pacific Pipeline System LLC,1
E100002019821,VIP Energy Australia BV,E100001016013,W.A.G. Pipeline Pty Ltd,1
E100002020048,North Aston Pty Ltd,E100001015668,PEL 91,1
E100002020048,North Aston Pty Ltd,E100002008096,Delhi Petroleum Pty Ltd,1
E100002020049,Ashblue Holdings Pty Ltd,E100001015668,PEL 91,1
E100002020049,Ashblue Holdings Pty Ltd,E100002008096,Delhi Petroleum Pty Ltd,1
E100002021776,Franklin Resources Inc,E100001014703,APA Ethane Pty Ltd,1
E100002021813,HSBC holdings plc,E100000137427,Woodside Energy Ltd,1
E100002021813,HSBC holdings plc,E100001014703,APA Ethane Pty Ltd,1
E100002021813,HSBC holdings plc,E100001015668,PEL 91,1
E100002021813,HSBC holdings plc,E100001015672,PNG LNG Inc,1
E100002021813,HSBC holdings plc,E100001016013,W.A.G. Pipeline Pty Ltd,1
E100002021868,ALPS holdings Inc,E100001014362,Caddo Pipeline LLC,1
E100002021868,ALPS holdings Inc,E100001014523,Cushing Connect Pipeline & Terminal LLC,1
E100002021868,ALPS holdings Inc,E100001014873,Grand Mesa Pipeline LLC,1
E100002021868,ALPS holdings Inc,E100001015855,Plains Midstream Canada ULC,1
E100002021868,ALPS holdings Inc,E100002010851,Pacific Pipeline System LLC,1
E100002021916,Essess Aluminum Holdings Ltd,E100001015405,Norilsktransgaz JSC,1
E100002021917,Isan International Corp,E100001015405,Norilsktransgaz JSC,1
E100002021918,Minorum Holding Ltd,E100001015405,Norilsktransgaz JSC,1
E100002022033,State Grid Europe Ltd,E100001014529,Hellenic Gas Transmission System Operator SA,1
E100002022039,Citibank Overseas Investment Corp,E100000000019,Origin Energy Ltd,1
E100002022039,Citibank Overseas Investment Corp,E100000137427,Woodside Energy Ltd,1
E100002022039,Citibank Overseas Investment Corp,E100001014703,APA Ethane Pty Ltd,1
E100002022039,Citibank Overseas Investment Corp,E100001015668,PEL 91,1
E100002022039,Citibank Overseas Investment Corp,E100001015672,PNG LNG Inc,1
E100002022039,Citibank Overseas Investment Corp,E100001016013,W.A.G. Pipeline Pty Ltd,1
E100002022056,Nationale-Nederlanden Powszechne Towarzystwo Emerytalne SA,E100002004375,ORLEN Lietuva AB,1
E100002022061,Massachusetts Mutual Life Insurance Co,E100001014873,Grand Mesa Pipeline LLC,1
E100002022062,Trian Fund Management LP,E100001014873,Grand Mesa Pipeline LLC,1
E100002022201,Tortoise Borrower LLC,E100001014362,Caddo Pipeline LLC,1
E100002022201,Tortoise Borrower LLC,E100001014523,Cushing Connect Pipeline & Terminal LLC,1
E100002022201,Tortoise Borrower LLC,E100001015855,Plains Midstream Canada ULC,1
E100002022201,Tortoise Borrower LLC,E100002010851,Pacific Pipeline System LLC,1
E100002022203,Dai-ichi Life Holdings Inc,E100000000645,Japan Petroleum Exploration Co,1
E100002022231,Principal Global Investors Holding Company LLC,E100000000118,Inter Pipeline Ltd,1
E100002022231,Principal Global Investors Holding Company LLC,E100001014482,Cold Lake Pipeline LP,1
